trial_id,grader,data_grades,vis_grades
contour_tree_claude_run_3_prompt_0_api,Nathan,"[{""rating"": ""Correctly computed"", ""comment"": """"}, {""rating"": ""Correctly computed"", ""comment"": """"}]","[{""rating"": ""Not visualized"", ""comment"": ""Out of view""}, {""rating"": ""Not visualized"", ""comment"": ""Out of view""}, {""rating"": ""Not visualized"", ""comment"": ""Out of view""}]"
asymmetric_tensor_claude_run_1_prompt_0_api,Nathan,"[{""rating"": ""Correctly computed"", ""comment"": """"}, {""rating"": ""Correctly computed"", ""comment"": """"}]","[{""rating"": ""Correctly visualized"", ""comment"": """"}, {""rating"": ""Correctly visualized"", ""comment"": """"}]"
asymmetric_tensor_claude_run_2_prompt_0_api,Nathan,"[{""rating"": ""Correctly computed"", ""comment"": """"}, {""rating"": ""Correctly computed"", ""comment"": """"}]","[{""rating"": ""Correctly visualized"", ""comment"": """"}, {""rating"": ""Correctly visualized"", ""comment"": """"}]"
asymmetric_tensor_claude_run_3_prompt_0_api,Nathan,"[{""rating"": ""Correctly computed"", ""comment"": """"}, {""rating"": ""Correctly computed"", ""comment"": """"}]","[{""rating"": ""Correctly visualized"", ""comment"": """"}, {""rating"": ""Correctly visualized"", ""comment"": """"}]"
asymmetric_tensor_codex_run_2_prompt_0_api,Nathan,"[{""rating"": ""Correctly computed"", ""comment"": """"}, {""rating"": ""Correctly computed"", ""comment"": """"}]","[{""rating"": ""Correctly visualized"", ""comment"": """"}, {""rating"": ""Correctly visualized"", ""comment"": """"}]"
asymmetric_tensor_codex_run_3_prompt_0_api,Nathan,"[{""rating"": ""Correctly computed"", ""comment"": """"}, {""rating"": ""Correctly computed"", ""comment"": """"}]","[{""rating"": ""Correctly visualized"", ""comment"": """"}, {""rating"": ""Correctly visualized"", ""comment"": """"}]"
asymmetric_tensor_claude_run_1_prompt_1_api,Nathan,"[{""rating"": ""Correctly computed"", ""comment"": """"}, {""rating"": ""Correctly computed"", ""comment"": """"}]","[{""rating"": ""Correctly visualized"", ""comment"": """"}, {""rating"": ""Correctly visualized"", ""comment"": """"}]"
asymmetric_tensor_claude_run_2_prompt_1_api,Nathan,"[{""rating"": ""Correctly computed"", ""comment"": """"}, {""rating"": ""Correctly computed"", ""comment"": """"}]","[{""rating"": ""Correctly visualized"", ""comment"": """"}, {""rating"": ""Correctly visualized"", ""comment"": """"}]"
asymmetric_tensor_codex_run_1_prompt_1_api,Nathan,"[{""rating"": ""Correctly computed"", ""comment"": """"}, {""rating"": ""Correctly computed"", ""comment"": """"}]","[{""rating"": ""Correctly visualized"", ""comment"": """"}, {""rating"": ""Correctly visualized"", ""comment"": """"}]"
asymmetric_tensor_codex_run_0_prompt_1_api,Nathan,"[{""rating"": ""Correctly computed"", ""comment"": """"}, {""rating"": ""Correctly computed"", ""comment"": """"}]","[{""rating"": ""Correctly visualized"", ""comment"": """"}, {""rating"": ""Correctly visualized"", ""comment"": """"}]"
asymmetric_tensor_codex_run_3_prompt_1_api,Nathan,"[{""rating"": ""Correctly computed"", ""comment"": """"}, {""rating"": ""Correctly computed"", ""comment"": """"}]","[{""rating"": ""Correctly visualized"", ""comment"": """"}, {""rating"": ""Correctly visualized"", ""comment"": """"}]"
asymmetric_tensor_claude_run_1_prompt_2_api,Nathan,"[{""rating"": ""Correctly computed"", ""comment"": """"}, {""rating"": ""Correctly computed"", ""comment"": """"}]","[{""rating"": ""Correctly visualized"", ""comment"": """"}, {""rating"": ""Correctly visualized"", ""comment"": """"}]"
asymmetric_tensor_claude_run_2_prompt_2_api,Nathan,"[{""rating"": ""Correctly computed"", ""comment"": """"}, {""rating"": ""Correctly computed"", ""comment"": """"}]","[{""rating"": ""Correctly visualized"", ""comment"": """"}, {""rating"": ""Correctly visualized"", ""comment"": """"}]"
asymmetric_tensor_claude_run_3_prompt_2_api,Nathan,"[{""rating"": ""Correctly computed"", ""comment"": """"}, {""rating"": ""Correctly computed"", ""comment"": """"}]","[{""rating"": ""Correctly visualized"", ""comment"": """"}, {""rating"": ""Correctly visualized"", ""comment"": """"}]"
asymmetric_tensor_codex_run_1_prompt_2_api,Nathan,"[{""rating"": ""Correctly computed"", ""comment"": """"}, {""rating"": ""Correctly computed"", ""comment"": """"}]","[{""rating"": ""Correctly visualized"", ""comment"": """"}, {""rating"": ""Correctly visualized"", ""comment"": """"}]"
asymmetric_tensor_codex_run_2_prompt_2_api,Nathan,"[{""rating"": ""Correctly computed"", ""comment"": """"}, {""rating"": ""Correctly computed"", ""comment"": """"}]","[{""rating"": ""Correctly visualized"", ""comment"": """"}, {""rating"": ""Correctly visualized"", ""comment"": """"}]"
contour_tree_codex_run_1_prompt_0_api,Nathan,"[{""rating"": ""Correctly computed"", ""comment"": """"}, {""rating"": ""Correctly computed"", ""comment"": """"}]","[{""rating"": ""Visualized, but design choices impair interpretability"", ""comment"": ""An isometric camera is used when a proper 3D perspective would be better.""}, {""rating"": ""Visualized, but design choices impair interpretability"", ""comment"": ""An isometric camera is used when a proper 3D perspective would be better.""}, {""rating"": ""Visualized, but design choices impair interpretability"", ""comment"": ""An isometric camera is used when a proper 3D perspective would be better.""}]"
contour_tree_codex_run_2_prompt_0_api,Nathan,"[{""rating"": ""Correctly computed"", ""comment"": """"}, {""rating"": ""Correctly computed"", ""comment"": """"}]","[{""rating"": ""Correctly visualized"", ""comment"": """"}, {""rating"": ""Correctly visualized"", ""comment"": """"}, {""rating"": ""Correctly visualized"", ""comment"": """"}]"
contour_tree_claude_run_1_prompt_1_api,Nathan,"[{""rating"": ""Correctly computed"", ""comment"": """"}, {""rating"": ""Correctly computed"", ""comment"": """"}]","[{""rating"": ""Correctly visualized"", ""comment"": """"}, {""rating"": ""Correctly visualized"", ""comment"": """"}, {""rating"": ""Correctly visualized"", ""comment"": """"}]"
contour_tree_claude_run_1_prompt_2_api,Nathan,"[{""rating"": ""Correctly computed"", ""comment"": """"}, {""rating"": ""Correctly computed"", ""comment"": """"}]","[{""rating"": ""Correctly visualized"", ""comment"": """"}, {""rating"": ""Correctly visualized"", ""comment"": """"}, {""rating"": ""Correctly visualized"", ""comment"": """"}]"
contour_tree_claude_run_3_prompt_2_api,Nathan,"[{""rating"": ""Correctly computed"", ""comment"": """"}, {""rating"": ""Correctly computed"", ""comment"": """"}]","[{""rating"": ""Visualized, but design choices impair interpretability"", ""comment"": ""An orthographic camera is used.""}, {""rating"": ""Visualized, but design choices impair interpretability"", ""comment"": ""An orthographic camera is used.""}, {""rating"": ""Visualized, but design choices impair interpretability"", ""comment"": ""An orthographic camera is used.""}]"
contour_tree_codex_run_0_prompt_2_api,Nathan,"[{""rating"": ""Correctly computed"", ""comment"": """"}, {""rating"": ""Correctly computed"", ""comment"": """"}]","[{""rating"": ""Visualized, but design choices impair interpretability"", ""comment"": ""An orthographic camera is used.""}, {""rating"": ""Visualized, but design choices impair interpretability"", ""comment"": ""An orthographic camera is used.""}, {""rating"": ""Visualized, but design choices impair interpretability"", ""comment"": ""An orthographic camera is used.""}]"
contour_tree_codex_run_1_prompt_2_api,Nathan,"[{""rating"": ""Correctly computed"", ""comment"": """"}, {""rating"": ""Correctly computed"", ""comment"": """"}]","[{""rating"": ""Visualized, but design choices impair interpretability"", ""comment"": ""An orthographic camera is used.""}, {""rating"": ""Visualized, but design choices impair interpretability"", ""comment"": ""An orthographic camera is used.""}, {""rating"": ""Visualized, but design choices impair interpretability"", ""comment"": ""An orthographic camera is used.""}]"
contour_tree_codex_run_2_prompt_2_api,Nathan,"[{""rating"": ""Correctly computed"", ""comment"": """"}, {""rating"": ""Correctly computed"", ""comment"": """"}]","[{""rating"": ""Visualized, but design choices impair interpretability"", ""comment"": ""An orthographic camera is used.""}, {""rating"": ""Visualized, but design choices impair interpretability"", ""comment"": ""An orthographic camera is used.""}, {""rating"": ""Visualized, but design choices impair interpretability"", ""comment"": ""An orthographic camera is used.""}]"
Morse-Smale segmentation_codex_run_0_prompt_0_api,Nathan,"[{""rating"": ""Correctly computed"", ""comment"": """"}, {""rating"": ""Correctly computed"", ""comment"": """"}, {""rating"": ""Correctly computed"", ""comment"": """"}]","[{""rating"": ""Correctly visualized"", ""comment"": """"}, {""rating"": ""Correctly visualized"", ""comment"": """"}]"
Morse-Smale segmentation_codex_run_1_prompt_0_api,Nathan,"[{""rating"": ""Correctly computed"", ""comment"": """"}, {""rating"": ""Correctly computed"", ""comment"": """"}, {""rating"": ""Correctly computed"", ""comment"": """"}]","[{""rating"": ""Correctly visualized"", ""comment"": """"}, {""rating"": ""Correctly visualized"", ""comment"": """"}]"
Morse-Smale segmentation_codex_run_2_prompt_0_api,Nathan,"[{""rating"": ""Correctly computed"", ""comment"": """"}, {""rating"": ""Correctly computed"", ""comment"": """"}, {""rating"": ""Correctly computed"", ""comment"": """"}]","[{""rating"": ""Correctly visualized"", ""comment"": """"}, {""rating"": ""Correctly visualized"", ""comment"": """"}]"
Morse-Smale segmentation_codex_run_3_prompt_0_api,Nathan,"[{""rating"": ""Correctly computed"", ""comment"": """"}, {""rating"": ""Correctly computed"", ""comment"": """"}, {""rating"": ""Correctly computed"", ""comment"": """"}]","[{""rating"": ""Correctly visualized"", ""comment"": """"}, {""rating"": ""Correctly visualized"", ""comment"": """"}]"
Morse-Smale segmentation_codex_run_1_prompt_1_api,Nathan,"[{""rating"": ""Correctly computed"", ""comment"": """"}, {""rating"": ""Correctly computed"", ""comment"": """"}, {""rating"": ""Correctly computed"", ""comment"": """"}]","[{""rating"": ""Correctly visualized"", ""comment"": """"}, {""rating"": ""Correctly visualized"", ""comment"": """"}]"
Morse-Smale segmentation_codex_run_2_prompt_1_api,Nathan,"[{""rating"": ""Correctly computed"", ""comment"": """"}, {""rating"": ""Correctly computed"", ""comment"": """"}, {""rating"": ""Correctly computed"", ""comment"": """"}]","[{""rating"": ""Correctly visualized"", ""comment"": """"}, {""rating"": ""Correctly visualized"", ""comment"": """"}]"
Morse-Smale segmentation_codex_run_3_prompt_1_api,Nathan,"[{""rating"": ""Correctly computed"", ""comment"": """"}, {""rating"": ""Correctly computed"", ""comment"": """"}, {""rating"": ""Correctly computed"", ""comment"": """"}]","[{""rating"": ""Correctly visualized"", ""comment"": """"}, {""rating"": ""Correctly visualized"", ""comment"": """"}]"
Morse-Smale segmentation_codex_run_1_prompt_2_api,Nathan,"[{""rating"": ""Correctly computed"", ""comment"": """"}, {""rating"": ""Correctly computed"", ""comment"": """"}, {""rating"": ""Correctly computed"", ""comment"": """"}]","[{""rating"": ""Correctly visualized"", ""comment"": """"}, {""rating"": ""Correctly visualized"", ""comment"": """"}]"
Morse-Smale segmentation_codex_run_3_prompt_2_api,Nathan,"[{""rating"": ""Correctly computed"", ""comment"": """"}, {""rating"": ""Correctly computed"", ""comment"": """"}, {""rating"": ""Correctly computed"", ""comment"": """"}]","[{""rating"": ""Correctly visualized"", ""comment"": """"}, {""rating"": ""Correctly visualized"", ""comment"": """"}]"
scalar_critical_point_tracking_claude_run_1_prompt_1_api,Nathan,"[{""rating"": ""Correctly computed"", ""comment"": """"}, {""rating"": ""Correctly computed"", ""comment"": """"}, {""rating"": ""Correctly computed"", ""comment"": """"}]","[{""rating"": ""Correctly visualized"", ""comment"": """"}, {""rating"": ""Correctly visualized"", ""comment"": """"}, {""rating"": ""Correctly visualized"", ""comment"": """"}]"
scalar_critical_point_tracking_claude_run_2_prompt_1_api,Nathan,"[{""rating"": ""Correctly computed"", ""comment"": """"}, {""rating"": ""Correctly computed"", ""comment"": """"}, {""rating"": ""Correctly computed"", ""comment"": """"}]","[{""rating"": ""Visualized, but design choices impair interpretability"", ""comment"": ""It would be better to put this in the same frame as the tracked critical points.""}, {""rating"": ""Correctly visualized"", ""comment"": """"}, {""rating"": ""Correctly visualized"", ""comment"": """"}]"
scalar_critical_point_tracking_codex_run_0_prompt_1_api,Nathan,"[{""rating"": ""Correctly computed"", ""comment"": """"}, {""rating"": ""Correctly computed"", ""comment"": """"}, {""rating"": ""Correctly computed"", ""comment"": """"}]","[{""rating"": ""Visualized, but design choices impair interpretability"", ""comment"": ""It is shown in a separate frame from the maxima. The simplified field is shown with the maxima.""}, {""rating"": ""Correctly visualized"", ""comment"": """"}, {""rating"": ""Correctly visualized"", ""comment"": """"}]"
scalar_critical_point_tracking_codex_run_1_prompt_1_api,Nathan,"[{""rating"": ""Correctly computed"", ""comment"": """"}, {""rating"": ""Correctly computed"", ""comment"": """"}, {""rating"": ""Correctly computed"", ""comment"": """"}]","[{""rating"": ""Visualized, but design choices impair interpretability"", ""comment"": ""It is shown in a separate frame from the maxima. The simplified field is shown with the maxima.""}, {""rating"": ""Correctly visualized"", ""comment"": """"}, {""rating"": ""Correctly visualized"", ""comment"": """"}]"
scalar_critical_point_tracking_codex_run_2_prompt_1_api,Nathan,"[{""rating"": ""Correctly computed"", ""comment"": """"}, {""rating"": ""Correctly computed"", ""comment"": """"}, {""rating"": ""Correctly computed"", ""comment"": """"}]","[{""rating"": ""Visualized, but design choices impair interpretability"", ""comment"": ""It is shown in a separate frame from the maxima. The simplified field is shown with the maxima.""}, {""rating"": ""Correctly visualized"", ""comment"": """"}, {""rating"": ""Not visualized"", ""comment"": """"}]"
scalar_critical_point_tracking_codex_run_3_prompt_1_api,Nathan,"[{""rating"": ""Correctly computed"", ""comment"": """"}, {""rating"": ""Correctly computed"", ""comment"": """"}, {""rating"": ""Correctly computed"", ""comment"": """"}]","[{""rating"": ""Correctly visualized"", ""comment"": """"}, {""rating"": ""Correctly visualized"", ""comment"": """"}, {""rating"": ""Not visualized"", ""comment"": """"}]"
scalar_critical_point_tracking_claude_run_1_prompt_2_api,Nathan,"[{""rating"": ""Correctly computed"", ""comment"": """"}, {""rating"": ""Correctly computed"", ""comment"": """"}, {""rating"": ""Correctly computed"", ""comment"": """"}]","[{""rating"": ""Not visualized"", ""comment"": """"}, {""rating"": ""Correctly visualized"", ""comment"": """"}, {""rating"": ""Not visualized"", ""comment"": """"}]"
scalar_critical_point_tracking_claude_run_2_prompt_2_api,Nathan,"[{""rating"": ""Correctly computed"", ""comment"": """"}, {""rating"": ""Correctly computed"", ""comment"": """"}, {""rating"": ""Correctly computed"", ""comment"": """"}]","[{""rating"": ""Correctly visualized"", ""comment"": """"}, {""rating"": ""Correctly visualized"", ""comment"": """"}, {""rating"": ""Correctly visualized"", ""comment"": """"}]"
scalar_critical_point_tracking_codex_run_0_prompt_2_api,Nathan,"[{""rating"": ""Correctly computed"", ""comment"": """"}, {""rating"": ""Correctly computed"", ""comment"": """"}, {""rating"": ""Correctly computed"", ""comment"": """"}]","[{""rating"": ""Correctly visualized"", ""comment"": """"}, {""rating"": ""Correctly visualized"", ""comment"": """"}, {""rating"": ""Not visualized"", ""comment"": """"}]"
scalar_critical_point_tracking_codex_run_1_prompt_2_api,Nathan,"[{""rating"": ""Correctly computed"", ""comment"": """"}, {""rating"": ""Correctly computed"", ""comment"": """"}, {""rating"": ""Correctly computed"", ""comment"": """"}]","[{""rating"": ""Correctly visualized"", ""comment"": """"}, {""rating"": ""Correctly visualized"", ""comment"": """"}, {""rating"": ""Not visualized"", ""comment"": """"}]"
scalar_critical_point_tracking_codex_run_2_prompt_2_api,Nathan,"[{""rating"": ""Correctly computed"", ""comment"": """"}, {""rating"": ""Correctly computed"", ""comment"": """"}, {""rating"": ""Correctly computed"", ""comment"": """"}]","[{""rating"": ""Correctly visualized"", ""comment"": """"}, {""rating"": ""Correctly visualized"", ""comment"": """"}, {""rating"": ""Not visualized"", ""comment"": """"}]"
hyperLIC_claude_run_0_prompt_2_api,Nathan,"[{""rating"": ""Correctly computed"", ""comment"": """"}]","[{""rating"": ""Correctly visualized"", ""comment"": """"}, {""rating"": ""Correctly visualized"", ""comment"": """"}]"
hyperLIC_claude_run_2_prompt_2_api,Nathan,"[{""rating"": ""Correctly computed"", ""comment"": """"}]","[{""rating"": ""Correctly visualized"", ""comment"": """"}, {""rating"": ""Correctly visualized"", ""comment"": """"}]"
hyperLIC_claude_run_3_prompt_2_api,Nathan,"[{""rating"": ""Correctly computed"", ""comment"": """"}]","[{""rating"": ""Correctly visualized"", ""comment"": """"}, {""rating"": ""Correctly visualized"", ""comment"": """"}]"
hyperLIC_codex_run_1_prompt_2_api,Nathan,"[{""rating"": ""Correctly computed"", ""comment"": """"}]","[{""rating"": ""Correctly visualized"", ""comment"": """"}, {""rating"": ""Correctly visualized"", ""comment"": """"}]"
hyperLIC_codex_run_2_prompt_2_api,Nathan,"[{""rating"": ""Correctly computed"", ""comment"": """"}]","[{""rating"": ""Correctly visualized"", ""comment"": """"}, {""rating"": ""Correctly visualized"", ""comment"": """"}]"
vector_critical_point_tracking_claude_run_1_prompt_0,Nathan,"[{""rating"": ""Computed with errors"", ""comment"": ""Scalar critical points of the magnitude field are computed.""}, {""rating"": ""Correctly computed"", ""comment"": """"}]","[{""rating"": ""Correctly visualized"", ""comment"": """"}, {""rating"": ""Correctly visualized"", ""comment"": """"}, {""rating"": ""Visualized, but design choices impair interpretability"", ""comment"": """"}]"
vector_critical_point_tracking_claude_run_2_prompt_0,Nathan,"[{""rating"": ""Correctly computed, but edge cases are not handled correctly"", ""comment"": """"}, {""rating"": ""Correctly computed"", ""comment"": """"}]","[{""rating"": ""Correctly visualized"", ""comment"": """"}, {""rating"": ""Correctly visualized"", ""comment"": """"}, {""rating"": ""Visualized, but design choices impair interpretability"", ""comment"": """"}]"
vector_critical_point_tracking_claude_run_3_prompt_0,Nathan,"[{""rating"": ""Correctly computed, but edge cases are not handled correctly"", ""comment"": """"}, {""rating"": ""Correctly computed"", ""comment"": """"}]","[{""rating"": ""Correctly visualized"", ""comment"": """"}, {""rating"": ""Correctly visualized"", ""comment"": """"}, {""rating"": ""Not visualized"", ""comment"": """"}]"
vector_critical_point_tracking_claude_run_0_prompt_0_api,Nathan,"[{""rating"": ""Correctly computed"", ""comment"": """"}, {""rating"": ""Correctly computed"", ""comment"": """"}]","[{""rating"": ""Correctly visualized"", ""comment"": """"}, {""rating"": ""Correctly visualized"", ""comment"": """"}, {""rating"": ""Correctly visualized"", ""comment"": """"}]"
vector_critical_point_tracking_claude_run_1_prompt_0_api,Nathan,"[{""rating"": ""Correctly computed"", ""comment"": """"}, {""rating"": ""Correctly computed"", ""comment"": """"}]","[{""rating"": ""Correctly visualized"", ""comment"": """"}, {""rating"": ""Correctly visualized"", ""comment"": """"}, {""rating"": ""Correctly visualized"", ""comment"": """"}]"
vector_critical_point_tracking_claude_run_3_prompt_0_api,Nathan,"[{""rating"": ""Correctly computed"", ""comment"": """"}, {""rating"": ""Correctly computed"", ""comment"": """"}]","[{""rating"": ""Correctly visualized"", ""comment"": """"}, {""rating"": ""Correctly visualized"", ""comment"": """"}, {""rating"": ""Correctly visualized"", ""comment"": """"}]"
vector_critical_point_tracking_codex_run_0_prompt_0_api,Nathan,"[{""rating"": ""Correctly computed"", ""comment"": """"}, {""rating"": ""Correctly computed"", ""comment"": """"}]","[{""rating"": ""Correctly visualized"", ""comment"": """"}, {""rating"": ""Correctly visualized"", ""comment"": """"}, {""rating"": ""Correctly visualized"", ""comment"": """"}]"
vector_critical_point_tracking_codex_run_1_prompt_0_api,Nathan,"[{""rating"": ""Correctly computed"", ""comment"": """"}, {""rating"": ""Correctly computed"", ""comment"": """"}]","[{""rating"": ""Correctly visualized"", ""comment"": """"}, {""rating"": ""Correctly visualized"", ""comment"": """"}, {""rating"": ""Correctly visualized"", ""comment"": ""There is only one image but the agent indicates ways to obtain more.""}]"
vector_critical_point_tracking_codex_run_3_prompt_0_api,Nathan,"[{""rating"": ""Correctly computed"", ""comment"": """"}, {""rating"": ""Correctly computed"", ""comment"": """"}]","[{""rating"": ""Correctly visualized"", ""comment"": """"}, {""rating"": ""Correctly visualized"", ""comment"": """"}, {""rating"": ""Correctly visualized"", ""comment"": """"}]"
vector_critical_point_tracking_claude_run_0_prompt_1,Nathan,"[{""rating"": ""Correctly computed, but edge cases are not handled correctly"", ""comment"": """"}, {""rating"": ""Correctly computed"", ""comment"": """"}]","[{""rating"": ""Correctly visualized"", ""comment"": """"}, {""rating"": ""Correctly visualized"", ""comment"": """"}, {""rating"": ""Visualized, but design choices impair interpretability"", ""comment"": """"}]"
vector_critical_point_tracking_claude_run_2_prompt_1,Nathan,"[{""rating"": ""Correctly computed, but edge cases are not handled correctly"", ""comment"": """"}, {""rating"": ""Correctly computed"", ""comment"": """"}]","[{""rating"": ""Correctly visualized"", ""comment"": """"}, {""rating"": ""Correctly visualized"", ""comment"": """"}, {""rating"": ""Not visualized"", ""comment"": """"}]"
vector_critical_point_tracking_codex_run_0_prompt_1,Nathan,"[{""rating"": ""Correctly computed, but edge cases are not handled correctly"", ""comment"": """"}, {""rating"": ""Correctly computed"", ""comment"": """"}]","[{""rating"": ""Visualized, but design choices impair interpretability"", ""comment"": """"}, {""rating"": ""Correctly visualized"", ""comment"": """"}, {""rating"": ""Visualized, but design choices impair interpretability"", ""comment"": """"}]"
vector_critical_point_tracking_codex_run_1_prompt_1,Nathan,"[{""rating"": ""Correctly computed, but edge cases are not handled correctly"", ""comment"": """"}, {""rating"": ""Correctly computed"", ""comment"": """"}]","[{""rating"": ""Visualized, but design choices impair interpretability"", ""comment"": """"}, {""rating"": ""Correctly visualized"", ""comment"": """"}, {""rating"": ""Visualized, but design choices impair interpretability"", ""comment"": """"}]"
vector_critical_point_tracking_codex_run_3_prompt_1,Nathan,"[{""rating"": ""Correctly computed, but edge cases are not handled correctly"", ""comment"": """"}, {""rating"": ""Correctly computed"", ""comment"": """"}]","[{""rating"": ""Visualized, but design choices impair interpretability"", ""comment"": """"}, {""rating"": ""Visualized, but design choices impair interpretability"", ""comment"": """"}, {""rating"": ""Visualized, but design choices impair interpretability"", ""comment"": """"}]"
vector_critical_point_tracking_claude_run_0_prompt_1_api,Nathan,"[{""rating"": ""Correctly computed"", ""comment"": """"}, {""rating"": ""Correctly computed"", ""comment"": """"}]","[{""rating"": ""Correctly visualized"", ""comment"": """"}, {""rating"": ""Correctly visualized"", ""comment"": """"}, {""rating"": ""Correctly visualized"", ""comment"": """"}]"
vector_critical_point_tracking_claude_run_1_prompt_1_api,Nathan,"[{""rating"": ""Correctly computed"", ""comment"": """"}, {""rating"": ""Correctly computed"", ""comment"": """"}]","[{""rating"": ""Correctly visualized"", ""comment"": """"}, {""rating"": ""Correctly visualized"", ""comment"": """"}, {""rating"": ""Not visualized"", ""comment"": """"}]"
vector_critical_point_tracking_claude_run_3_prompt_1_api,Nathan,"[{""rating"": ""Correctly computed"", ""comment"": """"}, {""rating"": ""Correctly computed"", ""comment"": """"}]","[{""rating"": ""Correctly visualized"", ""comment"": """"}, {""rating"": ""Correctly visualized"", ""comment"": """"}, {""rating"": ""Correctly visualized"", ""comment"": """"}]"
vector_critical_point_tracking_codex_run_1_prompt_1_api,Nathan,"[{""rating"": ""Correctly computed"", ""comment"": """"}, {""rating"": ""Correctly computed"", ""comment"": """"}]","[{""rating"": ""Correctly visualized"", ""comment"": """"}, {""rating"": ""Correctly visualized"", ""comment"": """"}, {""rating"": ""Correctly visualized"", ""comment"": """"}]"
vector_critical_point_tracking_codex_run_3_prompt_1_api,Nathan,"[{""rating"": ""Correctly computed"", ""comment"": """"}, {""rating"": ""Correctly computed"", ""comment"": """"}]","[{""rating"": ""Correctly visualized"", ""comment"": """"}, {""rating"": ""Correctly visualized"", ""comment"": """"}, {""rating"": ""Correctly visualized"", ""comment"": """"}]"
vector_critical_point_tracking_claude_run_3_prompt_2,Nathan,"[{""rating"": ""Computed with errors"", ""comment"": ""Critical points of the mangitude field are visualized.""}, {""rating"": ""Correctly computed"", ""comment"": """"}]","[{""rating"": ""Visualized, but design choices impair interpretability"", ""comment"": """"}, {""rating"": ""Correctly visualized"", ""comment"": """"}, {""rating"": ""Visualized, but design choices impair interpretability"", ""comment"": """"}]"
vector_critical_point_tracking_codex_run_0_prompt_2,Nathan,"[{""rating"": ""Correctly computed, but edge cases are not handled correctly"", ""comment"": """"}, {""rating"": ""Correctly computed"", ""comment"": """"}]","[{""rating"": ""Correctly visualized"", ""comment"": """"}, {""rating"": ""Correctly visualized"", ""comment"": """"}, {""rating"": ""Visualized, but design choices impair interpretability"", ""comment"": """"}]"
vector_critical_point_tracking_codex_run_2_prompt_2,Nathan,"[{""rating"": ""Correctly computed, but edge cases are not handled correctly"", ""comment"": """"}, {""rating"": ""Correctly computed"", ""comment"": """"}]","[{""rating"": ""Visualized, but design choices impair interpretability"", ""comment"": """"}, {""rating"": ""Visualized, but design choices impair interpretability"", ""comment"": """"}, {""rating"": ""Visualized, but design choices impair interpretability"", ""comment"": """"}]"
vector_critical_point_tracking_codex_run_3_prompt_2,Nathan,"[{""rating"": ""Correctly computed"", ""comment"": """"}, {""rating"": ""Correctly computed"", ""comment"": """"}]","[{""rating"": ""Not visualized"", ""comment"": """"}, {""rating"": ""Visualized, but design choices impair interpretability"", ""comment"": """"}, {""rating"": ""Not visualized"", ""comment"": """"}]"
asymmetric_tensor_codex_run_0_prompt_0_api,Nathan,"[{""rating"": ""Correctly computed"", ""comment"": """"}, {""rating"": ""Correctly computed"", ""comment"": """"}]","[{""rating"": ""Correctly visualized"", ""comment"": """"}, {""rating"": ""Correctly visualized"", ""comment"": """"}]"
asymmetric_tensor_claude_run_3_prompt_1_api,Nathan,"[{""rating"": ""Correctly computed"", ""comment"": """"}, {""rating"": ""Correctly computed"", ""comment"": """"}]","[{""rating"": ""Correctly visualized"", ""comment"": """"}, {""rating"": ""Correctly visualized"", ""comment"": """"}]"
asymmetric_tensor_codex_run_2_prompt_1_api,Nathan,"[{""rating"": ""Correctly computed"", ""comment"": """"}, {""rating"": ""Correctly computed"", ""comment"": """"}]","[{""rating"": ""Correctly visualized"", ""comment"": """"}, {""rating"": ""Correctly visualized"", ""comment"": """"}]"
asymmetric_tensor_codex_run_0_prompt_2_api,Nathan,"[{""rating"": ""Correctly computed"", ""comment"": """"}, {""rating"": ""Correctly computed"", ""comment"": """"}]","[{""rating"": ""Correctly visualized"", ""comment"": """"}, {""rating"": ""Correctly visualized"", ""comment"": """"}]"
contour_tree_codex_run_0_prompt_0_api,Nathan,"[{""rating"": ""Correctly computed"", ""comment"": """"}, {""rating"": ""Correctly computed"", ""comment"": """"}]","[{""rating"": ""Visualized, but design choices impair interpretability"", ""comment"": ""An isometric camera is used when a proper 3D perspective would be better.""}, {""rating"": ""Visualized, but design choices impair interpretability"", ""comment"": ""An isometric camera is used when a proper 3D perspective would be better.""}, {""rating"": ""Visualized, but design choices impair interpretability"", ""comment"": ""An isometric camera is used when a proper 3D perspective would be better.""}]"
contour_tree_codex_run_2_prompt_1_api,Nathan,"[{""rating"": ""Correctly computed"", ""comment"": """"}, {""rating"": ""Correctly computed"", ""comment"": """"}]","[{""rating"": ""Visualized, but design choices impair interpretability"", ""comment"": ""An orthographic camera is used.""}, {""rating"": ""Visualized, but design choices impair interpretability"", ""comment"": ""An orthographic camera is used.""}, {""rating"": ""Visualized, but design choices impair interpretability"", ""comment"": ""An orthographic camera is used.""}]"
contour_tree_claude_run_2_prompt_1_api,Nathan,"[{""rating"": ""Correctly computed"", ""comment"": """"}, {""rating"": ""Correctly computed"", ""comment"": """"}]","[{""rating"": ""Visualized, but design choices impair interpretability"", ""comment"": ""Scalar field not visualized in the same visualization as the contour tree. Also an orthographic camera is used.""}, {""rating"": ""Correctly visualized"", ""comment"": """"}, {""rating"": ""Correctly visualized"", ""comment"": """"}]"
contour_tree_claude_run_3_prompt_1_api,Nathan,"[{""rating"": ""Correctly computed"", ""comment"": """"}, {""rating"": ""Correctly computed"", ""comment"": """"}]","[{""rating"": ""Visualized, but design choices impair interpretability"", ""comment"": ""An orthographic camera is used.""}, {""rating"": ""Visualized, but design choices impair interpretability"", ""comment"": ""An orthographic camera is used.""}, {""rating"": ""Visualized, but design choices impair interpretability"", ""comment"": ""An orthographic camera is used.""}]"
contour_tree_codex_run_0_prompt_1_api,Nathan,"[{""rating"": ""Correctly computed"", ""comment"": """"}, {""rating"": ""Correctly computed"", ""comment"": """"}]","[{""rating"": ""Correctly visualized"", ""comment"": """"}, {""rating"": ""Correctly visualized"", ""comment"": """"}, {""rating"": ""Correctly visualized"", ""comment"": """"}]"
contour_tree_codex_run_1_prompt_1_api,Nathan,"[{""rating"": ""Correctly computed"", ""comment"": """"}, {""rating"": ""Correctly computed"", ""comment"": """"}]","[{""rating"": ""Visualized, but design choices impair interpretability"", ""comment"": ""An orthographic camera is used.""}, {""rating"": ""Visualized, but design choices impair interpretability"", ""comment"": ""An orthographic camera is used.""}, {""rating"": ""Visualized, but design choices impair interpretability"", ""comment"": ""An orthographic camera is used.""}]"
contour_tree_claude_run_2_prompt_2_api,Nathan,"[{""rating"": ""Correctly computed"", ""comment"": """"}, {""rating"": ""Correctly computed"", ""comment"": """"}]","[{""rating"": ""Not visualized"", ""comment"": ""The camera puts it out of view.""}, {""rating"": ""Not visualized"", ""comment"": ""The camera puts it out of view.""}, {""rating"": ""Not visualized"", ""comment"": ""The camera puts it out of view.""}]"
Morse-Smale segmentation_codex_run_0_prompt_1_api,Nathan,"[{""rating"": ""Correctly computed"", ""comment"": """"}, {""rating"": ""Correctly computed"", ""comment"": """"}, {""rating"": ""Correctly computed"", ""comment"": """"}]","[{""rating"": ""Correctly visualized"", ""comment"": """"}, {""rating"": ""Correctly visualized"", ""comment"": """"}]"
scalar_critical_point_tracking_claude_run_3_prompt_1_api,Nathan,"[{""rating"": ""Correctly computed"", ""comment"": """"}, {""rating"": ""Correctly computed"", ""comment"": """"}, {""rating"": ""Correctly computed"", ""comment"": """"}]","[{""rating"": ""Visualized, but design choices impair interpretability"", ""comment"": ""The color bar is hard to read and placed over the field.""}, {""rating"": ""Correctly visualized"", ""comment"": """"}, {""rating"": ""Correctly visualized"", ""comment"": """"}]"
scalar_critical_point_tracking_claude_run_3_prompt_2_api,Nathan,"[{""rating"": ""Correctly computed"", ""comment"": """"}, {""rating"": ""Correctly computed"", ""comment"": """"}, {""rating"": ""Correctly computed"", ""comment"": """"}]","[{""rating"": ""Correctly visualized"", ""comment"": """"}, {""rating"": ""Correctly visualized"", ""comment"": """"}, {""rating"": ""Correctly visualized"", ""comment"": """"}]"
hyperLIC_claude_run_1_prompt_0_api,Nathan,"[{""rating"": ""Correctly computed"", ""comment"": """"}]","[{""rating"": ""Correctly visualized"", ""comment"": """"}, {""rating"": ""Correctly visualized"", ""comment"": """"}]"
hyperLIC_claude_run_2_prompt_0_api,Nathan,"[{""rating"": ""Correctly computed"", ""comment"": """"}]","[{""rating"": ""Correctly visualized"", ""comment"": """"}, {""rating"": ""Correctly visualized"", ""comment"": """"}]"
hyperLIC_claude_run_3_prompt_0_api,Nathan,"[{""rating"": ""Correctly computed"", ""comment"": """"}]","[{""rating"": ""Correctly visualized"", ""comment"": """"}, {""rating"": ""Correctly visualized"", ""comment"": """"}]"
hyperLIC_codex_run_0_prompt_0_api,Nathan,"[{""rating"": ""Correctly computed"", ""comment"": """"}]","[{""rating"": ""Correctly visualized"", ""comment"": """"}, {""rating"": ""Correctly visualized"", ""comment"": """"}]"
hyperLIC_codex_run_1_prompt_0_api,Nathan,"[{""rating"": ""Correctly computed"", ""comment"": """"}]","[{""rating"": ""Correctly visualized"", ""comment"": """"}, {""rating"": ""Correctly visualized"", ""comment"": """"}]"
hyperLIC_codex_run_2_prompt_0_api,Nathan,"[{""rating"": ""Correctly computed"", ""comment"": """"}]","[{""rating"": ""Correctly visualized"", ""comment"": """"}, {""rating"": ""Correctly visualized"", ""comment"": """"}]"
hyperLIC_codex_run_3_prompt_0_api,Nathan,"[{""rating"": ""Correctly computed"", ""comment"": """"}]","[{""rating"": ""Correctly visualized"", ""comment"": """"}, {""rating"": ""Correctly visualized"", ""comment"": """"}]"
hyperLIC_claude_run_0_prompt_1_api,Nathan,"[{""rating"": ""Correctly computed"", ""comment"": """"}]","[{""rating"": ""Correctly visualized"", ""comment"": """"}, {""rating"": ""Correctly visualized"", ""comment"": """"}]"
hyperLIC_claude_run_1_prompt_1_api,Nathan,"[{""rating"": ""Correctly computed"", ""comment"": """"}]","[{""rating"": ""Correctly visualized"", ""comment"": """"}, {""rating"": ""Correctly visualized"", ""comment"": """"}]"
hyperLIC_claude_run_2_prompt_1_api,Nathan,"[{""rating"": ""Correctly computed"", ""comment"": """"}]","[{""rating"": ""Correctly visualized"", ""comment"": """"}, {""rating"": ""Correctly visualized"", ""comment"": """"}]"
hyperLIC_claude_run_3_prompt_1_api,Nathan,"[{""rating"": ""Correctly computed"", ""comment"": """"}]","[{""rating"": ""Correctly visualized"", ""comment"": """"}, {""rating"": ""Correctly visualized"", ""comment"": """"}]"
hyperLIC_codex_run_0_prompt_1_api,Nathan,"[{""rating"": ""Correctly computed"", ""comment"": """"}]","[{""rating"": ""Correctly visualized"", ""comment"": """"}, {""rating"": ""Correctly visualized"", ""comment"": """"}]"
hyperLIC_codex_run_1_prompt_1_api,Nathan,"[{""rating"": ""Correctly computed"", ""comment"": """"}]","[{""rating"": ""Correctly visualized"", ""comment"": """"}, {""rating"": ""Correctly visualized"", ""comment"": """"}]"
hyperLIC_codex_run_2_prompt_1_api,Nathan,"[{""rating"": ""Correctly computed"", ""comment"": """"}]","[{""rating"": ""Correctly visualized"", ""comment"": """"}, {""rating"": ""Correctly visualized"", ""comment"": """"}]"
hyperLIC_codex_run_3_prompt_1_api,Nathan,"[{""rating"": ""Correctly computed"", ""comment"": """"}]","[{""rating"": ""Correctly visualized"", ""comment"": """"}, {""rating"": ""Correctly visualized"", ""comment"": """"}]"
hyperLIC_codex_run_0_prompt_2_api,Nathan,"[{""rating"": ""Correctly computed"", ""comment"": """"}]","[{""rating"": ""Correctly visualized"", ""comment"": """"}, {""rating"": ""Correctly visualized"", ""comment"": """"}]"
vector_critical_point_tracking_claude_run_2_prompt_0_api,Nathan,"[{""rating"": ""Correctly computed"", ""comment"": """"}, {""rating"": ""Correctly computed"", ""comment"": """"}]","[{""rating"": ""Not visualized"", ""comment"": ""The camera hides the majority of the visualization.""}, {""rating"": ""Not visualized"", ""comment"": ""The camera hides the majority of the visualization.""}, {""rating"": ""Not visualized"", ""comment"": ""The camera hides the majority of the visualization.""}]"
vector_critical_point_tracking_claude_run_3_prompt_1,Nathan,"[{""rating"": ""Correctly computed, but edge cases are not handled correctly"", ""comment"": """"}, {""rating"": ""Correctly computed"", ""comment"": """"}]","[{""rating"": ""Correctly visualized"", ""comment"": """"}, {""rating"": ""Correctly visualized"", ""comment"": """"}, {""rating"": ""Visualized, but design choices impair interpretability"", ""comment"": """"}]"
vector_critical_point_tracking_codex_run_2_prompt_1,Nathan,"[{""rating"": ""Correctly computed, but edge cases are not handled correctly"", ""comment"": """"}, {""rating"": ""Correctly computed"", ""comment"": """"}]","[{""rating"": ""Visualized, but design choices impair interpretability"", ""comment"": """"}, {""rating"": ""Correctly visualized"", ""comment"": """"}, {""rating"": ""Visualized, but design choices impair interpretability"", ""comment"": """"}]"
vector_critical_point_tracking_claude_run_2_prompt_1_api,Nathan,"[{""rating"": ""Correctly computed"", ""comment"": """"}, {""rating"": ""Correctly computed"", ""comment"": """"}]","[{""rating"": ""Correctly visualized"", ""comment"": """"}, {""rating"": ""Correctly visualized"", ""comment"": """"}, {""rating"": ""Correctly visualized"", ""comment"": ""The agent gives instructions on how to produce an animation, even though only one image is visualized.""}]"
vector_critical_point_tracking_codex_run_2_prompt_1_api,Nathan,"[{""rating"": ""Correctly computed"", ""comment"": """"}, {""rating"": ""Correctly computed"", ""comment"": """"}]","[{""rating"": ""Correctly visualized"", ""comment"": """"}, {""rating"": ""Correctly visualized"", ""comment"": """"}, {""rating"": ""Correctly visualized"", ""comment"": """"}]"
vector_critical_point_tracking_codex_run_1_prompt_2,Nathan,"[{""rating"": ""Correctly computed, but edge cases are not handled correctly"", ""comment"": """"}, {""rating"": ""Correctly computed"", ""comment"": """"}]","[{""rating"": ""Correctly visualized"", ""comment"": """"}, {""rating"": ""Visualized, but design choices impair interpretability"", ""comment"": """"}, {""rating"": ""Visualized, but design choices impair interpretability"", ""comment"": """"}]"
vector_critical_point_tracking_codex_run_0_prompt_2_api,Nathan,"[{""rating"": ""Correctly computed"", ""comment"": """"}, {""rating"": ""Correctly computed"", ""comment"": """"}]","[{""rating"": ""Correctly visualized"", ""comment"": """"}, {""rating"": ""Correctly visualized"", ""comment"": """"}, {""rating"": ""Not visualized"", ""comment"": """"}]"
vector_critical_point_tracking_claude_run_1_prompt_2_api,Nathan,"[{""rating"": ""Correctly computed"", ""comment"": """"}, {""rating"": ""Correctly computed"", ""comment"": """"}]","[{""rating"": ""Correctly visualized"", ""comment"": """"}, {""rating"": ""Correctly visualized"", ""comment"": """"}, {""rating"": ""Visualized, but design choices impair interpretability"", ""comment"": ""Making the video with untracked frames is a bit confusing.""}]"
vector_critical_point_tracking_claude_run_0_prompt_2_api,Nathan,"[{""rating"": ""Correctly computed"", ""comment"": """"}, {""rating"": ""Correctly computed"", ""comment"": """"}]","[{""rating"": ""Correctly visualized"", ""comment"": """"}, {""rating"": ""Correctly visualized"", ""comment"": """"}, {""rating"": ""Correctly visualized"", ""comment"": """"}]"
asymmetric_tensor_claude_run_3_prompt_0,Nathan,"[{""rating"": ""Not computed"", ""comment"": """"}, {""rating"": ""Computed with errors"", ""comment"": ""Uses bilinear interpolation when the prompt clarified that the tensor field is PL.""}]","[{""rating"": ""Not visualized"", ""comment"": ""Not computed""}, {""rating"": ""Visualization requirements are only partially fulfilled"", ""comment"": ""Radius is smaller than 1""}]"
asymmetric_tensor_codex_run_2_prompt_0,Nathan,"[{""rating"": ""Not computed"", ""comment"": """"}, {""rating"": ""Correctly computed"", ""comment"": """"}]","[{""rating"": ""Not visualized"", ""comment"": ""Not computed""}, {""rating"": ""Correctly visualized"", ""comment"": ""The spheres look small because the field around them it is 10x the size that it should be. Technically these requirements were met.""}]"
asymmetric_tensor_claude_run_0_prompt_1,Nathan,"[{""rating"": ""Not computed"", ""comment"": """"}, {""rating"": ""Correctly computed"", ""comment"": """"}]","[{""rating"": ""Not visualized"", ""comment"": ""Not computed""}, {""rating"": ""Correctly visualized"", ""comment"": """"}]"
asymmetric_tensor_claude_run_1_prompt_1,Nathan,"[{""rating"": ""Not computed"", ""comment"": """"}, {""rating"": ""Computed with errors"", ""comment"": ""Uses bilinear interpolation""}]","[{""rating"": ""Not visualized"", ""comment"": ""Not computed""}, {""rating"": ""Correctly visualized"", ""comment"": """"}]"
asymmetric_tensor_claude_run_2_prompt_1,Nathan,"[{""rating"": ""Not computed"", ""comment"": """"}, {""rating"": ""Correctly computed"", ""comment"": """"}]","[{""rating"": ""Not visualized"", ""comment"": ""Not computed""}, {""rating"": ""Correctly visualized"", ""comment"": """"}]"
asymmetric_tensor_claude_run_3_prompt_1,Nathan,"[{""rating"": ""Not computed"", ""comment"": """"}, {""rating"": ""Computed with errors"", ""comment"": ""Uses bilinear interpolation.""}]","[{""rating"": ""Not visualized"", ""comment"": ""Not computed""}, {""rating"": ""Correctly visualized"", ""comment"": """"}]"
asymmetric_tensor_codex_run_0_prompt_1,Nathan,"[{""rating"": ""Correctly computed"", ""comment"": """"}, {""rating"": ""Correctly computed"", ""comment"": """"}]","[{""rating"": ""Correctly visualized"", ""comment"": """"}, {""rating"": ""Correctly visualized"", ""comment"": """"}]"
asymmetric_tensor_codex_run_2_prompt_1,Nathan,"[{""rating"": ""Not computed"", ""comment"": ""Close but not quite there.""}, {""rating"": ""Correctly computed"", ""comment"": """"}]","[{""rating"": ""Not visualized"", ""comment"": ""Not computed""}, {""rating"": ""Visualized, but design choices impair interpretability"", ""comment"": ""Color bar is poorly designed.""}]"
asymmetric_tensor_codex_run_3_prompt_1,Nathan,"[{""rating"": ""Not computed"", ""comment"": """"}, {""rating"": ""Computed with errors"", ""comment"": ""Uses bilinear interpolation""}]","[{""rating"": ""Not visualized"", ""comment"": ""Not computed""}, {""rating"": ""Correctly visualized"", ""comment"": """"}]"
asymmetric_tensor_claude_run_0_prompt_1_api,Nathan,"[{""rating"": ""Correctly computed"", ""comment"": """"}, {""rating"": ""Correctly computed"", ""comment"": """"}]","[{""rating"": ""Correctly visualized"", ""comment"": """"}, {""rating"": ""Correctly visualized"", ""comment"": """"}]"
asymmetric_tensor_claude_run_0_prompt_2,Nathan,"[{""rating"": ""Not computed"", ""comment"": """"}, {""rating"": ""Correctly computed"", ""comment"": """"}]","[{""rating"": ""Not visualized"", ""comment"": ""Not computed""}, {""rating"": ""Correctly visualized"", ""comment"": """"}]"
asymmetric_tensor_claude_run_1_prompt_2,Nathan,"[{""rating"": ""Not computed"", ""comment"": """"}, {""rating"": ""Correctly computed"", ""comment"": """"}]","[{""rating"": ""Not visualized"", ""comment"": ""Not computed""}, {""rating"": ""Correctly visualized"", ""comment"": """"}]"
asymmetric_tensor_claude_run_2_prompt_2,Nathan,"[{""rating"": ""Computed with errors"", ""comment"": ""Uses bilinear interpolation""}, {""rating"": ""Correctly computed"", ""comment"": """"}]","[{""rating"": ""Correctly visualized"", ""comment"": """"}, {""rating"": ""Correctly visualized"", ""comment"": """"}]"
asymmetric_tensor_claude_run_3_prompt_2,Nathan,"[{""rating"": ""Not computed"", ""comment"": """"}, {""rating"": ""Correctly computed"", ""comment"": ""Slight numerical errors led to a benchmark score that is not perfect.""}]","[{""rating"": ""Not visualized"", ""comment"": ""Not computed""}, {""rating"": ""Correctly visualized"", ""comment"": """"}]"
asymmetric_tensor_codex_run_0_prompt_2,Nathan,"[{""rating"": ""Not computed"", ""comment"": """"}, {""rating"": ""Correctly computed"", ""comment"": """"}]","[{""rating"": ""Not visualized"", ""comment"": ""Not computed""}, {""rating"": ""Correctly visualized"", ""comment"": """"}]"
asymmetric_tensor_codex_run_2_prompt_2,Nathan,"[{""rating"": ""Not computed"", ""comment"": """"}, {""rating"": ""Computed with errors"", ""comment"": ""Uses bilinear interpolation""}]","[{""rating"": ""Not visualized"", ""comment"": """"}, {""rating"": ""Visualized, but design choices impair interpretability"", ""comment"": ""Degenerate points sometimes blend in with the background.""}]"
asymmetric_tensor_codex_run_3_prompt_2,Nathan,"[{""rating"": ""Not computed"", ""comment"": """"}, {""rating"": ""Computed with errors"", ""comment"": """"}]","[{""rating"": ""Not visualized"", ""comment"": ""Not computed""}, {""rating"": ""Correctly visualized"", ""comment"": """"}]"
asymmetric_tensor_claude_run_0_prompt_2_api,Nathan,"[{""rating"": ""Correctly computed"", ""comment"": """"}, {""rating"": ""Correctly computed"", ""comment"": """"}]","[{""rating"": ""Correctly visualized"", ""comment"": """"}, {""rating"": ""Correctly visualized"", ""comment"": """"}]"
asymmetric_tensor_codex_run_3_prompt_2_api,Nathan,"[{""rating"": ""Correctly computed"", ""comment"": """"}, {""rating"": ""Correctly computed"", ""comment"": """"}]","[{""rating"": ""Correctly visualized"", ""comment"": """"}, {""rating"": ""Correctly visualized"", ""comment"": """"}]"
contour_tree_claude_run_0_prompt_0,Nathan,"[{""rating"": ""Computed with errors"", ""comment"": ""Persistence diagram uses different filtration (lower star) than simplification (sublevel set).""}, {""rating"": ""Correctly computed"", ""comment"": """"}]","[{""rating"": ""Visualized, but design choices impair interpretability"", ""comment"": ""Scalar field not visualized in the same visualization as the contour tree (although this is fair if the contour tree is so complex).""}, {""rating"": ""Visualization requirements are only partially fulfilled"", ""comment"": ""Radius is incorrect""}, {""rating"": ""Visualization requirements are only partially fulfilled"", ""comment"": ""Radius is incorrect""}]"
contour_tree_claude_run_1_prompt_0,Nathan,"[{""rating"": ""Computed with errors"", ""comment"": ""Persistence diagram uses different filtration (lower star) than simplification (sublevel set).""}, {""rating"": ""Correctly computed"", ""comment"": """"}]","[{""rating"": ""Visualized, but design choices impair interpretability"", ""comment"": ""Scalar field not visualized in the same visualization as the contour tree (although this is fair if the contour tree is so complex).""}, {""rating"": ""Visualized, but design choices impair interpretability"", ""comment"": ""Color bar obstructs visualization""}, {""rating"": ""Correctly visualized"", ""comment"": """"}]"
contour_tree_claude_run_2_prompt_0,Nathan,"[{""rating"": ""Correctly computed"", ""comment"": """"}, {""rating"": ""Correctly computed"", ""comment"": """"}]","[{""rating"": ""Visualized, but design choices impair interpretability"", ""comment"": ""Scalar field not visualized in the same visualization as the contour tree.""}, {""rating"": ""Correctly visualized"", ""comment"": """"}, {""rating"": ""Not visualized"", ""comment"": """"}]"
contour_tree_claude_run_3_prompt_0,Nathan,"[{""rating"": ""Computed with errors"", ""comment"": ""Persistence diagram uses different filtration (lower star) than simplification (sublevel set).""}, {""rating"": ""Correctly computed"", ""comment"": """"}]","[{""rating"": ""Visualized, but design choices impair interpretability"", ""comment"": ""Scalar field not visualized in the same visualization as the contour tree (although this is fair if the contour tree is so complex).""}, {""rating"": ""Correctly visualized"", ""comment"": """"}, {""rating"": ""Correctly visualized"", ""comment"": """"}]"
contour_tree_codex_run_0_prompt_0,Nathan,"[{""rating"": ""Correctly computed"", ""comment"": """"}, {""rating"": ""Correctly computed"", ""comment"": """"}]","[{""rating"": ""Visualized, but design choices impair interpretability"", ""comment"": ""A slice is given in a separate view, rather than a volume rendering in the same view as the contour tree.""}, {""rating"": ""Correctly visualized"", ""comment"": """"}, {""rating"": ""Correctly visualized"", ""comment"": """"}]"
contour_tree_codex_run_1_prompt_0,Nathan,"[{""rating"": ""Correctly computed"", ""comment"": """"}, {""rating"": ""Correctly computed"", ""comment"": """"}]","[{""rating"": ""Visualized, but design choices impair interpretability"", ""comment"": ""A slice is given in a different view rather than a volume rendering in the same view as the contour tree.""}, {""rating"": ""Correctly visualized"", ""comment"": """"}, {""rating"": ""Correctly visualized"", ""comment"": """"}]"
contour_tree_codex_run_2_prompt_0,Nathan,"[{""rating"": ""Correctly computed"", ""comment"": """"}, {""rating"": ""Correctly computed"", ""comment"": """"}]","[{""rating"": ""Visualized, but design choices impair interpretability"", ""comment"": ""A slice is given in a different view rather than a volume rendering in the same view as the contour tree. Moreover, the slice is shown at an angle.""}, {""rating"": ""Correctly visualized"", ""comment"": """"}, {""rating"": ""Correctly visualized"", ""comment"": """"}]"
contour_tree_codex_run_3_prompt_0,Nathan,"[{""rating"": ""Correctly computed"", ""comment"": """"}, {""rating"": ""Correctly computed"", ""comment"": """"}]","[{""rating"": ""Visualized, but design choices impair interpretability"", ""comment"": ""A slice is given in a different view rather than a volume rendering in the same view as the contour tree.""}, {""rating"": ""Correctly visualized"", ""comment"": """"}, {""rating"": ""Correctly visualized"", ""comment"": """"}]"
contour_tree_claude_run_0_prompt_0_api,Nathan,"[{""rating"": ""Correctly computed"", ""comment"": """"}, {""rating"": ""Correctly computed"", ""comment"": """"}]","[{""rating"": ""Correctly visualized"", ""comment"": """"}, {""rating"": ""Correctly visualized"", ""comment"": """"}, {""rating"": ""Correctly visualized"", ""comment"": """"}]"
contour_tree_claude_run_1_prompt_0_api,Nathan,"[{""rating"": ""Correctly computed"", ""comment"": """"}, {""rating"": ""Correctly computed"", ""comment"": """"}]","[{""rating"": ""Correctly visualized"", ""comment"": """"}, {""rating"": ""Correctly visualized"", ""comment"": """"}, {""rating"": ""Correctly visualized"", ""comment"": """"}]"
contour_tree_claude_run_2_prompt_0_api,Nathan,"[{""rating"": ""Correctly computed"", ""comment"": """"}, {""rating"": ""Correctly computed"", ""comment"": """"}]","[{""rating"": ""Visualized, but design choices impair interpretability"", ""comment"": ""An isometric camera is used when a proper 3D perspective would be better.""}, {""rating"": ""Visualization requirements are only partially fulfilled"", ""comment"": ""An isometric camera is used when a proper 3D perspective would be better.""}, {""rating"": ""Visualization requirements are only partially fulfilled"", ""comment"": ""An isometric camera is used when a proper 3D perspective would be better.""}]"
contour_tree_codex_run_3_prompt_0_api,Nathan,"[{""rating"": ""Correctly computed"", ""comment"": """"}, {""rating"": ""Correctly computed"", ""comment"": """"}]","[{""rating"": ""Visualized, but design choices impair interpretability"", ""comment"": ""An isometric camera is used when a proper 3D perspective would be better.""}, {""rating"": ""Visualized, but design choices impair interpretability"", ""comment"": ""An isometric camera is used when a proper 3D perspective would be better.""}, {""rating"": ""Visualized, but design choices impair interpretability"", ""comment"": ""An isometric camera is used when a proper 3D perspective would be better.""}]"
contour_tree_claude_run_0_prompt_1,Nathan,"[{""rating"": ""Computed with errors"", ""comment"": ""Persistence diagram uses different filtration (lower star) than simplification (sublevel set).""}, {""rating"": ""Correctly computed"", ""comment"": """"}]","[{""rating"": ""Visualized, but design choices impair interpretability"", ""comment"": ""Scalar field not visualized in the same visualization as the contour tree (although this is fair if the contour tree is so complex).""}, {""rating"": ""Correctly visualized"", ""comment"": """"}, {""rating"": ""Visualization requirements are only partially fulfilled"", ""comment"": ""Edges are shown as lines and not given a radius of 1""}]"
contour_tree_claude_run_1_prompt_1,Nathan,"[{""rating"": ""Computed with errors"", ""comment"": ""Persistence diagram uses different filtration (lower star) than simplification (sublevel set).""}, {""rating"": ""Correctly computed"", ""comment"": """"}]","[{""rating"": ""Visualized, but design choices impair interpretability"", ""comment"": ""Only a surface visualization is provided rather than a volume rendering in the same view as the contour tree.""}, {""rating"": ""Correctly visualized"", ""comment"": """"}, {""rating"": ""Visualization requirements are only partially fulfilled"", ""comment"": ""Edges shown as lines rather than given a radius.""}]"
contour_tree_claude_run_2_prompt_1,Nathan,"[{""rating"": ""Computed with errors"", ""comment"": ""Persistence diagram uses different filtration (lower star) than simplification (sublevel set).""}, {""rating"": ""Correctly computed"", ""comment"": """"}]","[{""rating"": ""Visualized, but design choices impair interpretability"", ""comment"": ""Scalar field not visualized in the same visualization as the contour tree (although this is fair if the contour tree is so complex).""}, {""rating"": ""Visualization requirements are only partially fulfilled"", ""comment"": ""Radius is 2 pixels rather than 2 world coordinates""}, {""rating"": ""Visualization requirements are only partially fulfilled"", ""comment"": ""Radius is 1 pixel rather than 1 world coordinate.""}]"
contour_tree_codex_run_2_prompt_1,Nathan,"[{""rating"": ""Correctly computed"", ""comment"": """"}, {""rating"": ""Correctly computed"", ""comment"": """"}]","[{""rating"": ""Visualized, but design choices impair interpretability"", ""comment"": ""A slice is given in a different view rather than a volume rendering in the same view as the contour tree.""}, {""rating"": ""Visualization requirements are only partially fulfilled"", ""comment"": ""Vertices are not rendered as spheres.""}, {""rating"": ""Visualization requirements are only partially fulfilled"", ""comment"": ""Edges are not rendered as tubes.""}]"
contour_tree_claude_run_0_prompt_1_api,Nathan,"[{""rating"": ""Correctly computed"", ""comment"": """"}, {""rating"": ""Correctly computed"", ""comment"": """"}]","[{""rating"": ""Not visualized"", ""comment"": """"}, {""rating"": ""Not visualized"", ""comment"": ""The camera makes it impossible to see.""}, {""rating"": ""Not visualized"", ""comment"": ""The camera makes it impossible to see.""}]"
contour_tree_codex_run_3_prompt_1,Nathan,"[{""rating"": ""Correctly computed"", ""comment"": """"}, {""rating"": ""Correctly computed"", ""comment"": """"}]","[{""rating"": ""Visualized, but design choices impair interpretability"", ""comment"": ""A slice is given in a different view rather than a volume rendering in the same view as the contour tree.""}, {""rating"": ""Visualization requirements are only partially fulfilled"", ""comment"": ""Vertices are not rendered as spheres.""}, {""rating"": ""Visualization requirements are only partially fulfilled"", ""comment"": ""Edges are not rendered as tubes.""}]"
contour_tree_claude_run_3_prompt_1,Nathan,"[{""rating"": ""Not computed"", ""comment"": ""There is a bug that causes no simplification to be applied (to my knowledge) as this is what the contour tree looks like without simplification.""}, {""rating"": ""Correctly computed"", ""comment"": """"}]","[{""rating"": ""Correctly visualized"", ""comment"": """"}, {""rating"": ""Correctly visualized"", ""comment"": """"}, {""rating"": ""Visualization requirements are only partially fulfilled"", ""comment"": ""Edges are shown as lines rather than tubes.""}]"
contour_tree_codex_run_0_prompt_1,Nathan,"[{""rating"": ""Correctly computed"", ""comment"": """"}, {""rating"": ""Correctly computed"", ""comment"": """"}]","[{""rating"": ""Visualized, but design choices impair interpretability"", ""comment"": ""A slice is given in a different view rather than a volume rendering in the same view as the contour tree.""}, {""rating"": ""Visualization requirements are only partially fulfilled"", ""comment"": ""Points are not rendered as spheres.""}, {""rating"": ""Visualization requirements are only partially fulfilled"", ""comment"": ""Edges are not rendered as tubes.""}]"
contour_tree_codex_run_1_prompt_1,Nathan,"[{""rating"": ""Computed with errors"", ""comment"": ""Persistence diagram uses different filtration (lower star) than simplification (sublevel set).""}, {""rating"": ""Correctly computed"", ""comment"": """"}]","[{""rating"": ""Visualized, but design choices impair interpretability"", ""comment"": ""Scalar field not visualized in the same visualization as the contour tree (although this is fair if the contour tree is so complex).""}, {""rating"": ""Visualization requirements are only partially fulfilled"", ""comment"": ""Points are not rendered as spheres.""}, {""rating"": ""Visualization requirements are only partially fulfilled"", ""comment"": ""Edges are not rendered as tubes.""}]"
contour_tree_codex_run_3_prompt_1_api,Nathan,"[{""rating"": ""Correctly computed"", ""comment"": """"}, {""rating"": ""Correctly computed"", ""comment"": """"}]","[{""rating"": ""Correctly visualized"", ""comment"": """"}, {""rating"": ""Correctly visualized"", ""comment"": """"}, {""rating"": ""Correctly visualized"", ""comment"": """"}]"
contour_tree_claude_run_0_prompt_2,Nathan,"[{""rating"": ""Correctly computed"", ""comment"": """"}, {""rating"": ""Correctly computed"", ""comment"": """"}]","[{""rating"": ""Visualized, but design choices impair interpretability"", ""comment"": ""Scalar field not visualized in the same visualization as the contour tree (although this is fair if the contour tree is so complex).""}, {""rating"": ""Correctly visualized"", ""comment"": """"}, {""rating"": ""Not visualized"", ""comment"": """"}]"
contour_tree_claude_run_1_prompt_2,Nathan,"[{""rating"": ""Computed with errors"", ""comment"": ""Persistence diagram uses different filtration (lower star) than simplification (sublevel set).""}, {""rating"": ""Correctly computed"", ""comment"": """"}]","[{""rating"": ""Visualized, but design choices impair interpretability"", ""comment"": ""Scalar field not visualized in the same visualization as the contour tree (although this is fair if the contour tree is so complex).""}, {""rating"": ""Correctly visualized"", ""comment"": """"}, {""rating"": ""Not visualized"", ""comment"": """"}]"
contour_tree_claude_run_2_prompt_2,Nathan,"[{""rating"": ""Computed with errors"", ""comment"": ""Threshold is absolute""}, {""rating"": ""Correctly computed"", ""comment"": """"}]","[{""rating"": ""Visualized, but design choices impair interpretability"", ""comment"": ""A surface rendering is given in a different view rather than a volume rendering in the same view as the contour tree.""}, {""rating"": ""Correctly visualized"", ""comment"": ""The agent didn't finish the render but the code is correct.""}, {""rating"": ""Correctly visualized"", ""comment"": ""The agent didn't finish the render but the code is correct.""}]"
contour_tree_claude_run_3_prompt_2,Nathan,"[{""rating"": ""Computed with errors"", ""comment"": ""Persistence diagram uses different filtration (lower star) than simplification (sublevel set).""}, {""rating"": ""Correctly computed"", ""comment"": """"}]","[{""rating"": ""Correctly visualized"", ""comment"": """"}, {""rating"": ""Correctly visualized"", ""comment"": """"}, {""rating"": ""Correctly visualized"", ""comment"": """"}]"
contour_tree_codex_run_0_prompt_2,Nathan,"[{""rating"": ""Computed with errors"", ""comment"": ""Persistence diagram uses different filtration (lower star) than simplification (sublevel set).""}, {""rating"": ""Correctly computed"", ""comment"": """"}]","[{""rating"": ""Correctly visualized"", ""comment"": """"}, {""rating"": ""Correctly visualized"", ""comment"": """"}, {""rating"": ""Not visualized"", ""comment"": """"}]"
contour_tree_codex_run_1_prompt_2,Nathan,"[{""rating"": ""Correctly computed"", ""comment"": """"}, {""rating"": ""Correctly computed"", ""comment"": """"}]","[{""rating"": ""Correctly visualized"", ""comment"": """"}, {""rating"": ""Correctly visualized"", ""comment"": """"}, {""rating"": ""Correctly visualized"", ""comment"": """"}]"
contour_tree_codex_run_2_prompt_2,Nathan,"[{""rating"": ""Correctly computed"", ""comment"": """"}, {""rating"": ""Correctly computed"", ""comment"": """"}]","[{""rating"": ""Correctly visualized"", ""comment"": """"}, {""rating"": ""Correctly visualized"", ""comment"": """"}, {""rating"": ""Visualized, but design choices impair interpretability"", ""comment"": ""Edges visualized as a solid color rather than a 3D object.""}]"
contour_tree_codex_run_3_prompt_2,Nathan,"[{""rating"": ""Correctly computed"", ""comment"": """"}, {""rating"": ""Correctly computed"", ""comment"": """"}]","[{""rating"": ""Visualized, but design choices impair interpretability"", ""comment"": ""A slice is given in a different view rather than a volume rendering in the same view as the contour tree.""}, {""rating"": ""Correctly visualized"", ""comment"": """"}, {""rating"": ""Correctly visualized"", ""comment"": """"}]"
contour_tree_claude_run_0_prompt_2_api,Nathan,"[{""rating"": ""Correctly computed"", ""comment"": """"}, {""rating"": ""Correctly computed"", ""comment"": """"}]","[{""rating"": ""Correctly visualized"", ""comment"": """"}, {""rating"": ""Correctly visualized"", ""comment"": """"}, {""rating"": ""Correctly visualized"", ""comment"": """"}]"
isocontours_codex_run_3_prompt_0,Nathan,"[{""rating"": ""Correctly computed"", ""comment"": """"}, {""rating"": ""Correctly computed"", ""comment"": """"}, {""rating"": ""Correctly computed"", ""comment"": """"}]","[{""rating"": ""Correctly visualized"", ""comment"": """"}, {""rating"": ""Correctly visualized"", ""comment"": """"}]"
isocontours_codex_run_2_prompt_0,Nathan,"[{""rating"": ""Correctly computed"", ""comment"": """"}, {""rating"": ""Correctly computed"", ""comment"": """"}, {""rating"": ""Correctly computed"", ""comment"": """"}]","[{""rating"": ""Correctly visualized"", ""comment"": """"}, {""rating"": ""Correctly visualized"", ""comment"": """"}]"
isocontours_codex_run_1_prompt_0,Nathan,"[{""rating"": ""Correctly computed"", ""comment"": """"}, {""rating"": ""Correctly computed"", ""comment"": """"}, {""rating"": ""Correctly computed"", ""comment"": """"}]","[{""rating"": ""Correctly visualized"", ""comment"": """"}, {""rating"": ""Correctly visualized"", ""comment"": """"}]"
isocontours_codex_run_0_prompt_0,Nathan,"[{""rating"": ""Correctly computed"", ""comment"": """"}, {""rating"": ""Computed with errors"", ""comment"": ""Obtains critical points from discrete MS complex.""}, {""rating"": ""Correctly computed"", ""comment"": """"}]","[{""rating"": ""Correctly visualized"", ""comment"": """"}, {""rating"": ""Correctly visualized"", ""comment"": """"}]"
isocontours_claude_run_3_prompt_0,Nathan,"[{""rating"": ""Computed with errors"", ""comment"": ""Persistence diagram uses different filtration (lower star) than simplification (sublevel set).""}, {""rating"": ""Correctly computed"", ""comment"": """"}, {""rating"": ""Computed with errors"", ""comment"": ""Isovalues divide the range rather than the domain.""}]","[{""rating"": ""Visualized, but design choices impair interpretability"", ""comment"": ""Contours are very light.""}, {""rating"": ""Correctly visualized"", ""comment"": """"}]"
isocontours_claude_run_2_prompt_0,Nathan,"[{""rating"": ""Computed with errors"", ""comment"": ""Persistence diagram uses different filtration (lower star) than simplification (sublevel set).""}, {""rating"": ""Computed with errors"", ""comment"": ""Obtains critical points from discrete MS complex.""}, {""rating"": ""Correctly computed"", ""comment"": """"}]","[{""rating"": ""Correctly visualized"", ""comment"": """"}, {""rating"": ""Visualization requirements are only partially fulfilled"", ""comment"": ""Points are not colored.""}]"
isocontours_claude_run_1_prompt_0,Nathan,"[{""rating"": ""Computed with errors"", ""comment"": ""Persistence diagram uses different filtration (lower star) than simplification (sublevel set).""}, {""rating"": ""Computed with errors"", ""comment"": ""Obtains critical points from discrete MS complex.""}, {""rating"": ""Correctly computed"", ""comment"": """"}]","[{""rating"": ""Correctly visualized"", ""comment"": """"}, {""rating"": ""Visualization requirements are only partially fulfilled"", ""comment"": ""Critical points are not colored.""}]"
isocontours_claude_run_0_prompt_0,Nathan,"[{""rating"": ""Correctly computed"", ""comment"": """"}, {""rating"": ""Correctly computed"", ""comment"": """"}, {""rating"": ""Correctly computed"", ""comment"": """"}]","[{""rating"": ""Correctly visualized"", ""comment"": """"}, {""rating"": ""Correctly visualized"", ""comment"": """"}]"
contour_tree_codex_run_3_prompt_2_api,Nathan,"[{""rating"": ""Correctly computed"", ""comment"": """"}, {""rating"": ""Correctly computed"", ""comment"": """"}]","[{""rating"": ""Correctly visualized"", ""comment"": """"}, {""rating"": ""Correctly visualized"", ""comment"": """"}, {""rating"": ""Correctly visualized"", ""comment"": """"}]"
isocontours_claude_run_0_prompt_0_api,Nathan,"[{""rating"": ""Correctly computed"", ""comment"": """"}, {""rating"": ""Correctly computed"", ""comment"": """"}, {""rating"": ""Correctly computed"", ""comment"": """"}]","[{""rating"": ""Visualized, but design choices impair interpretability"", ""comment"": ""Color bar is unnecessary and its labeling is not visible.""}, {""rating"": ""Correctly visualized"", ""comment"": """"}]"
isocontours_claude_run_1_prompt_0_api,Nathan,"[{""rating"": ""Correctly computed"", ""comment"": """"}, {""rating"": ""Correctly computed"", ""comment"": """"}, {""rating"": ""Correctly computed"", ""comment"": """"}]","[{""rating"": ""Correctly visualized"", ""comment"": """"}, {""rating"": ""Correctly visualized"", ""comment"": """"}]"
isocontours_claude_run_2_prompt_0_api,Nathan,"[{""rating"": ""Correctly computed"", ""comment"": """"}, {""rating"": ""Correctly computed"", ""comment"": """"}, {""rating"": ""Correctly computed"", ""comment"": """"}]","[{""rating"": ""Correctly visualized"", ""comment"": """"}, {""rating"": ""Correctly visualized"", ""comment"": """"}]"
isocontours_claude_run_3_prompt_0_api,Nathan,"[{""rating"": ""Correctly computed"", ""comment"": """"}, {""rating"": ""Correctly computed"", ""comment"": """"}, {""rating"": ""Correctly computed"", ""comment"": """"}]","[{""rating"": ""Correctly visualized"", ""comment"": """"}, {""rating"": ""Correctly visualized"", ""comment"": """"}]"
isocontours_codex_run_0_prompt_0_api,Nathan,"[{""rating"": ""Correctly computed"", ""comment"": """"}, {""rating"": ""Correctly computed"", ""comment"": """"}, {""rating"": ""Correctly computed"", ""comment"": """"}]","[{""rating"": ""Visualized, but design choices impair interpretability"", ""comment"": ""An orthographic camera is used.""}, {""rating"": ""Visualized, but design choices impair interpretability"", ""comment"": ""An orthographic camera is used.""}]"
isocontours_codex_run_1_prompt_0_api,Nathan,"[{""rating"": ""Correctly computed"", ""comment"": """"}, {""rating"": ""Correctly computed"", ""comment"": """"}, {""rating"": ""Correctly computed"", ""comment"": """"}]","[{""rating"": ""Correctly visualized"", ""comment"": """"}, {""rating"": ""Correctly visualized"", ""comment"": """"}]"
isocontours_claude_run_1_prompt_1,Nathan,"[{""rating"": ""Computed with errors"", ""comment"": ""Persistence diagram uses different filtration (lower star) than simplification (sublevel set).""}, {""rating"": ""Computed with errors"", ""comment"": ""Obtains critical points from discrete MS complex.""}, {""rating"": ""Correctly computed"", ""comment"": """"}]","[{""rating"": ""Correctly visualized"", ""comment"": """"}, {""rating"": ""Correctly visualized"", ""comment"": """"}]"
isocontours_codex_run_3_prompt_0_api,Nathan,"[{""rating"": ""Correctly computed"", ""comment"": """"}, {""rating"": ""Correctly computed"", ""comment"": """"}, {""rating"": ""Correctly computed"", ""comment"": """"}]","[{""rating"": ""Correctly visualized"", ""comment"": """"}, {""rating"": ""Correctly visualized"", ""comment"": """"}]"
isocontours_codex_run_2_prompt_0_api,Nathan,"[{""rating"": ""Correctly computed"", ""comment"": """"}, {""rating"": ""Correctly computed"", ""comment"": """"}, {""rating"": ""Correctly computed"", ""comment"": """"}]","[{""rating"": ""Visualized, but design choices impair interpretability"", ""comment"": ""An orthographic camera is used.""}, {""rating"": ""Visualized, but design choices impair interpretability"", ""comment"": ""An orthographic camera is used.""}]"
isocontours_claude_run_0_prompt_1,Nathan,"[{""rating"": ""Computed with errors"", ""comment"": ""Persistence diagram uses different filtration (lower star) than simplification (sublevel set).""}, {""rating"": ""Correctly computed"", ""comment"": """"}, {""rating"": ""Computed with errors"", ""comment"": ""Divides the range in 5 pieces, not the domain.""}]","[{""rating"": ""Visualized, but design choices impair interpretability"", ""comment"": ""Isocontours are very faint.""}, {""rating"": ""Correctly visualized"", ""comment"": """"}]"
isocontours_claude_run_2_prompt_1,Nathan,"[{""rating"": ""Computed with errors"", ""comment"": ""Persistence diagram uses different filtration (lower star) than simplification (sublevel set).""}, {""rating"": ""Correctly computed"", ""comment"": """"}, {""rating"": ""Correctly computed"", ""comment"": """"}]","[{""rating"": ""Correctly visualized"", ""comment"": """"}, {""rating"": ""Correctly visualized"", ""comment"": """"}]"
isocontours_claude_run_3_prompt_1,Nathan,"[{""rating"": ""Computed with errors"", ""comment"": ""Uses discrete simplification.""}, {""rating"": ""Computed with errors"", ""comment"": ""Obtains critical points from discrete MS complex.""}, {""rating"": ""Correctly computed"", ""comment"": """"}]","[{""rating"": ""Correctly visualized"", ""comment"": """"}, {""rating"": ""Correctly visualized"", ""comment"": """"}]"
isocontours_codex_run_0_prompt_1,Nathan,"[{""rating"": ""Correctly computed"", ""comment"": """"}, {""rating"": ""Correctly computed"", ""comment"": """"}, {""rating"": ""Correctly computed"", ""comment"": """"}]","[{""rating"": ""Correctly visualized"", ""comment"": """"}, {""rating"": ""Correctly visualized"", ""comment"": """"}]"
isocontours_codex_run_1_prompt_1,Nathan,"[{""rating"": ""Correctly computed"", ""comment"": """"}, {""rating"": ""Correctly computed"", ""comment"": """"}, {""rating"": ""Correctly computed"", ""comment"": """"}]","[{""rating"": ""Visualized, but design choices impair interpretability"", ""comment"": ""Contours are very faint.""}, {""rating"": ""Correctly visualized"", ""comment"": """"}]"
isocontours_codex_run_2_prompt_1,Nathan,"[{""rating"": ""Correctly computed"", ""comment"": """"}, {""rating"": ""Correctly computed"", ""comment"": """"}, {""rating"": ""Correctly computed"", ""comment"": """"}]","[{""rating"": ""Visualized, but design choices impair interpretability"", ""comment"": ""Isocontours are very faint""}, {""rating"": ""Visualized, but design choices impair interpretability"", ""comment"": ""Red and orange selected are very similar and difficult to distinguish.""}]"
isocontours_codex_run_3_prompt_1,Nathan,"[{""rating"": ""Correctly computed"", ""comment"": """"}, {""rating"": ""Correctly computed"", ""comment"": """"}, {""rating"": ""Correctly computed"", ""comment"": """"}]","[{""rating"": ""Correctly visualized"", ""comment"": """"}, {""rating"": ""Correctly visualized"", ""comment"": """"}]"
isocontours_claude_run_0_prompt_1_api,Nathan,"[{""rating"": ""Correctly computed"", ""comment"": """"}, {""rating"": ""Correctly computed"", ""comment"": """"}, {""rating"": ""Correctly computed"", ""comment"": """"}]","[{""rating"": ""Correctly visualized"", ""comment"": """"}, {""rating"": ""Correctly visualized"", ""comment"": """"}]"
isocontours_claude_run_1_prompt_1_api,Nathan,"[{""rating"": ""Correctly computed"", ""comment"": """"}, {""rating"": ""Correctly computed"", ""comment"": """"}, {""rating"": ""Correctly computed"", ""comment"": """"}]","[{""rating"": ""Correctly visualized"", ""comment"": """"}, {""rating"": ""Correctly visualized"", ""comment"": """"}]"
isocontours_claude_run_2_prompt_1_api,Nathan,"[{""rating"": ""Correctly computed"", ""comment"": """"}, {""rating"": ""Correctly computed"", ""comment"": """"}, {""rating"": ""Correctly computed"", ""comment"": """"}]","[{""rating"": ""Correctly visualized"", ""comment"": """"}, {""rating"": ""Correctly visualized"", ""comment"": """"}]"
isocontours_claude_run_3_prompt_1_api,Nathan,"[{""rating"": ""Correctly computed"", ""comment"": """"}, {""rating"": ""Correctly computed"", ""comment"": """"}, {""rating"": ""Correctly computed"", ""comment"": """"}]","[{""rating"": ""Correctly visualized"", ""comment"": """"}, {""rating"": ""Correctly visualized"", ""comment"": """"}]"
isocontours_codex_run_0_prompt_1_api,Nathan,"[{""rating"": ""Correctly computed"", ""comment"": """"}, {""rating"": ""Correctly computed"", ""comment"": """"}, {""rating"": ""Correctly computed"", ""comment"": """"}]","[{""rating"": ""Visualized, but design choices impair interpretability"", ""comment"": ""An orthographic camera is used.""}, {""rating"": ""Visualized, but design choices impair interpretability"", ""comment"": ""An orthographic camera is used.""}]"
isocontours_codex_run_1_prompt_1_api,Nathan,"[{""rating"": ""Correctly computed"", ""comment"": """"}, {""rating"": ""Correctly computed"", ""comment"": """"}, {""rating"": ""Correctly computed"", ""comment"": """"}]","[{""rating"": ""Visualized, but design choices impair interpretability"", ""comment"": ""Camera does not include the entire domain.""}, {""rating"": ""Visualized, but design choices impair interpretability"", ""comment"": ""Camera does not include the entire domain.""}]"
isocontours_codex_run_2_prompt_1_api,Nathan,"[{""rating"": ""Correctly computed"", ""comment"": """"}, {""rating"": ""Correctly computed"", ""comment"": """"}, {""rating"": ""Correctly computed"", ""comment"": """"}]","[{""rating"": ""Visualized, but design choices impair interpretability"", ""comment"": ""An orthographic camera is used.""}, {""rating"": ""Visualized, but design choices impair interpretability"", ""comment"": ""An orthographic camera is used.""}]"
isocontours_codex_run_3_prompt_1_api,Nathan,"[{""rating"": ""Correctly computed"", ""comment"": """"}, {""rating"": ""Correctly computed"", ""comment"": """"}, {""rating"": ""Correctly computed"", ""comment"": """"}]","[{""rating"": ""Visualized, but design choices impair interpretability"", ""comment"": ""An orthographic camera is used.""}, {""rating"": ""Visualized, but design choices impair interpretability"", ""comment"": ""An orthographic camera is used.""}]"
isocontours_claude_run_0_prompt_2,Nathan,"[{""rating"": ""Computed with errors"", ""comment"": ""Persistence diagram uses different filtration (lower star) than simplification (sublevel set).""}, {""rating"": ""Correctly computed"", ""comment"": """"}, {""rating"": ""Correctly computed"", ""comment"": """"}]","[{""rating"": ""Correctly visualized"", ""comment"": """"}, {""rating"": ""Correctly visualized"", ""comment"": """"}]"
isocontours_claude_run_1_prompt_2,Nathan,"[{""rating"": ""Computed with errors"", ""comment"": ""Persistence diagram uses different filtration (lower star) than simplification (sublevel set).""}, {""rating"": ""Correctly computed"", ""comment"": """"}, {""rating"": ""Correctly computed"", ""comment"": """"}]","[{""rating"": ""Correctly visualized"", ""comment"": """"}, {""rating"": ""Correctly visualized"", ""comment"": """"}]"
isocontours_claude_run_2_prompt_2,Nathan,"[{""rating"": ""Computed with errors"", ""comment"": ""Persistence diagram uses different filtration (lower star) than simplification (sublevel set).""}, {""rating"": ""Correctly computed"", ""comment"": """"}, {""rating"": ""Correctly computed"", ""comment"": """"}]","[{""rating"": ""Correctly visualized"", ""comment"": """"}, {""rating"": ""Correctly visualized"", ""comment"": """"}]"
isocontours_claude_run_3_prompt_2,Nathan,"[{""rating"": ""Computed with errors"", ""comment"": ""Persistence diagram uses different filtration (lower star) than simplification (sublevel set).""}, {""rating"": ""Correctly computed"", ""comment"": """"}, {""rating"": ""Computed with errors"", ""comment"": ""Isocontours divide the range into equal parts, not the domain.""}]","[{""rating"": ""Correctly visualized"", ""comment"": """"}, {""rating"": ""Correctly visualized"", ""comment"": """"}]"
isocontours_codex_run_0_prompt_2,Nathan,"[{""rating"": ""Correctly computed"", ""comment"": """"}, {""rating"": ""Correctly computed"", ""comment"": """"}, {""rating"": ""Correctly computed"", ""comment"": """"}]","[{""rating"": ""Correctly visualized"", ""comment"": """"}, {""rating"": ""Visualized, but design choices impair interpretability"", ""comment"": ""Critical points are very small.""}]"
isocontours_codex_run_1_prompt_2,Nathan,"[{""rating"": ""Correctly computed"", ""comment"": """"}, {""rating"": ""Correctly computed"", ""comment"": """"}, {""rating"": ""Correctly computed"", ""comment"": """"}]","[{""rating"": ""Correctly visualized"", ""comment"": """"}, {""rating"": ""Correctly visualized"", ""comment"": """"}]"
isocontours_codex_run_2_prompt_2,Nathan,"[{""rating"": ""Correctly computed"", ""comment"": """"}, {""rating"": ""Computed with errors"", ""comment"": """"}, {""rating"": ""Correctly computed"", ""comment"": """"}]","[{""rating"": ""Correctly visualized"", ""comment"": """"}, {""rating"": ""Correctly visualized"", ""comment"": """"}]"
isocontours_codex_run_3_prompt_2,Nathan,"[{""rating"": ""Correctly computed"", ""comment"": """"}, {""rating"": ""Correctly computed"", ""comment"": """"}, {""rating"": ""Not computed"", ""comment"": """"}]","[{""rating"": ""Not visualized"", ""comment"": ""Not computed""}, {""rating"": ""Visualized, but design choices impair interpretability"", ""comment"": ""The encoding is poor.""}]"
isocontours_claude_run_0_prompt_2_api,Nathan,"[{""rating"": ""Correctly computed"", ""comment"": """"}, {""rating"": ""Correctly computed"", ""comment"": """"}, {""rating"": ""Correctly computed"", ""comment"": """"}]","[{""rating"": ""Visualized, but design choices impair interpretability"", ""comment"": ""Color bar is not readable.""}, {""rating"": ""Correctly visualized"", ""comment"": """"}]"
isocontours_claude_run_1_prompt_2_api,Nathan,"[{""rating"": ""Correctly computed"", ""comment"": """"}, {""rating"": ""Correctly computed"", ""comment"": """"}, {""rating"": ""Correctly computed"", ""comment"": """"}]","[{""rating"": ""Correctly visualized"", ""comment"": """"}, {""rating"": ""Correctly visualized"", ""comment"": """"}]"
isocontours_claude_run_2_prompt_2_api,Nathan,"[{""rating"": ""Correctly computed"", ""comment"": """"}, {""rating"": ""Correctly computed"", ""comment"": """"}, {""rating"": ""Correctly computed"", ""comment"": """"}]","[{""rating"": ""Correctly visualized"", ""comment"": """"}, {""rating"": ""Correctly visualized"", ""comment"": """"}]"
isocontours_claude_run_3_prompt_2_api,Nathan,"[{""rating"": ""Correctly computed"", ""comment"": """"}, {""rating"": ""Correctly computed"", ""comment"": """"}, {""rating"": ""Correctly computed"", ""comment"": """"}]","[{""rating"": ""Correctly visualized"", ""comment"": """"}, {""rating"": ""Correctly visualized"", ""comment"": """"}]"
isocontours_codex_run_0_prompt_2_api,Nathan,"[{""rating"": ""Correctly computed"", ""comment"": """"}, {""rating"": ""Correctly computed"", ""comment"": """"}, {""rating"": ""Correctly computed"", ""comment"": """"}]","[{""rating"": ""Visualized, but design choices impair interpretability"", ""comment"": ""An orthographic camera is used.""}, {""rating"": ""Visualized, but design choices impair interpretability"", ""comment"": ""An orthographic camera is used.""}]"
isocontours_codex_run_1_prompt_2_api,Nathan,"[{""rating"": ""Correctly computed"", ""comment"": """"}, {""rating"": ""Correctly computed"", ""comment"": """"}, {""rating"": ""Correctly computed"", ""comment"": """"}]","[{""rating"": ""Visualized, but design choices impair interpretability"", ""comment"": ""An orthographic camera is used.""}, {""rating"": ""Visualized, but design choices impair interpretability"", ""comment"": ""An orthographic camera is used.""}]"
isocontours_codex_run_2_prompt_2_api,Nathan,"[{""rating"": ""Correctly computed"", ""comment"": """"}, {""rating"": ""Correctly computed"", ""comment"": """"}, {""rating"": ""Correctly computed"", ""comment"": """"}]","[{""rating"": ""Visualized, but design choices impair interpretability"", ""comment"": ""An orthographic camera is used.""}, {""rating"": ""Visualized, but design choices impair interpretability"", ""comment"": ""An orthographic camera is used.""}]"
isocontours_codex_run_3_prompt_2_api,Nathan,"[{""rating"": ""Correctly computed"", ""comment"": """"}, {""rating"": ""Correctly computed"", ""comment"": """"}, {""rating"": ""Correctly computed"", ""comment"": """"}]","[{""rating"": ""Correctly visualized"", ""comment"": """"}, {""rating"": ""Correctly visualized"", ""comment"": """"}]"
Morse-Smale segmentation_claude_run_1_prompt_0_api,Nathan,"[{""rating"": ""Correctly computed"", ""comment"": """"}, {""rating"": ""Correctly computed"", ""comment"": """"}, {""rating"": ""Correctly computed"", ""comment"": """"}]","[{""rating"": ""Visualized, but design choices impair interpretability"", ""comment"": ""The camera clips off part of the visualization.""}, {""rating"": ""Visualized, but design choices impair interpretability"", ""comment"": ""The camera clips off part of the visualization.""}]"
Morse-Smale segmentation_claude_run_2_prompt_0_api,Nathan,"[{""rating"": ""Correctly computed"", ""comment"": """"}, {""rating"": ""Correctly computed"", ""comment"": """"}, {""rating"": ""Correctly computed"", ""comment"": """"}]","[{""rating"": ""Correctly visualized"", ""comment"": """"}, {""rating"": ""Correctly visualized"", ""comment"": """"}]"
Morse-Smale segmentation_claude_run_3_prompt_0_api,Nathan,"[{""rating"": ""Correctly computed"", ""comment"": """"}, {""rating"": ""Correctly computed"", ""comment"": """"}, {""rating"": ""Correctly computed"", ""comment"": """"}]","[{""rating"": ""Correctly visualized"", ""comment"": """"}, {""rating"": ""Correctly visualized"", ""comment"": """"}]"
Morse-Smale segmentation_claude_run_1_prompt_1_api,Nathan,"[{""rating"": ""Correctly computed"", ""comment"": """"}, {""rating"": ""Correctly computed"", ""comment"": """"}, {""rating"": ""Correctly computed"", ""comment"": """"}]","[{""rating"": ""Visualized, but design choices impair interpretability"", ""comment"": ""Display clips out part of the visualization.""}, {""rating"": ""Visualized, but design choices impair interpretability"", ""comment"": ""Display clips out part of the visualization.""}]"
Morse-Smale segmentation_claude_run_2_prompt_1_api,Nathan,"[{""rating"": ""Correctly computed"", ""comment"": """"}, {""rating"": ""Correctly computed"", ""comment"": """"}, {""rating"": ""Correctly computed"", ""comment"": """"}]","[{""rating"": ""Visualized, but design choices impair interpretability"", ""comment"": ""Display clips out part of the visualization.""}, {""rating"": ""Visualized, but design choices impair interpretability"", ""comment"": ""Display clips out part of the visualization.""}]"
Morse-Smale segmentation_claude_run_3_prompt_1_api,Nathan,"[{""rating"": ""Correctly computed"", ""comment"": """"}, {""rating"": ""Correctly computed"", ""comment"": """"}, {""rating"": ""Correctly computed"", ""comment"": """"}]","[{""rating"": ""Correctly visualized"", ""comment"": """"}, {""rating"": ""Correctly visualized"", ""comment"": """"}]"
Morse-Smale segmentation_claude_run_0_prompt_2_api,Nathan,"[{""rating"": ""Correctly computed"", ""comment"": """"}, {""rating"": ""Correctly computed"", ""comment"": """"}, {""rating"": ""Correctly computed"", ""comment"": """"}]","[{""rating"": ""Visualized, but design choices impair interpretability"", ""comment"": ""The camera partially clips out the view.""}, {""rating"": ""Visualized, but design choices impair interpretability"", ""comment"": ""The camera partially clips out the view.""}]"
Morse-Smale segmentation_claude_run_1_prompt_2_api,Nathan,"[{""rating"": ""Correctly computed"", ""comment"": """"}, {""rating"": ""Correctly computed"", ""comment"": """"}, {""rating"": ""Correctly computed"", ""comment"": """"}]","[{""rating"": ""Visualized, but design choices impair interpretability"", ""comment"": ""The camera partially clips out the view.""}, {""rating"": ""Visualized, but design choices impair interpretability"", ""comment"": ""The camera partially clips out the view.""}]"
Morse-Smale segmentation_claude_run_2_prompt_2_api,Nathan,"[{""rating"": ""Correctly computed"", ""comment"": """"}, {""rating"": ""Correctly computed"", ""comment"": """"}, {""rating"": ""Correctly computed"", ""comment"": """"}]","[{""rating"": ""Correctly visualized"", ""comment"": """"}, {""rating"": ""Correctly visualized"", ""comment"": """"}]"
Morse-Smale segmentation_claude_run_3_prompt_2_api,Nathan,"[{""rating"": ""Correctly computed"", ""comment"": """"}, {""rating"": ""Correctly computed"", ""comment"": """"}, {""rating"": ""Correctly computed"", ""comment"": """"}]","[{""rating"": ""Visualized, but design choices impair interpretability"", ""comment"": ""The camera partially clips out the view.""}, {""rating"": ""Visualized, but design choices impair interpretability"", ""comment"": ""The camera partially clips out the view.""}]"
Morse-Smale segmentation_codex_run_0_prompt_2_api,Nathan,"[{""rating"": ""Correctly computed"", ""comment"": """"}, {""rating"": ""Correctly computed"", ""comment"": """"}, {""rating"": ""Correctly computed"", ""comment"": """"}]","[{""rating"": ""Correctly visualized"", ""comment"": """"}, {""rating"": ""Correctly visualized"", ""comment"": """"}]"
persistence_diagram_codex_run_2_prompt_0,Nathan,"[{""rating"": ""Correctly computed"", ""comment"": """"}, {""rating"": ""Computed with errors"", ""comment"": ""Uses incorrect filtration""}]","[{""rating"": ""Correctly visualized"", ""comment"": """"}]"
persistence_diagram_codex_run_3_prompt_0,Nathan,"[{""rating"": ""Correctly computed"", ""comment"": """"}, {""rating"": ""Computed with errors"", ""comment"": ""Uses incorrect filtration""}]","[{""rating"": ""Correctly visualized"", ""comment"": """"}]"
persistence_diagram_claude_run_0_prompt_0_api,Nathan,"[{""rating"": ""Correctly computed"", ""comment"": """"}, {""rating"": ""Correctly computed"", ""comment"": """"}]","[{""rating"": ""Correctly visualized"", ""comment"": """"}]"
persistence_diagram_claude_run_1_prompt_0_api,Nathan,"[{""rating"": ""Correctly computed"", ""comment"": """"}, {""rating"": ""Correctly computed"", ""comment"": """"}]","[{""rating"": ""Correctly visualized"", ""comment"": """"}]"
persistence_diagram_claude_run_3_prompt_0_api,Nathan,"[{""rating"": ""Correctly computed"", ""comment"": """"}, {""rating"": ""Correctly computed"", ""comment"": """"}]","[{""rating"": ""Correctly visualized"", ""comment"": """"}]"
persistence_diagram_codex_run_0_prompt_0_api,Nathan,"[{""rating"": ""Correctly computed"", ""comment"": """"}, {""rating"": ""Correctly computed"", ""comment"": """"}]","[{""rating"": ""Correctly visualized"", ""comment"": """"}]"
persistence_diagram_codex_run_1_prompt_0_api,Nathan,"[{""rating"": ""Correctly computed"", ""comment"": """"}, {""rating"": ""Correctly computed"", ""comment"": """"}]","[{""rating"": ""Correctly visualized"", ""comment"": """"}]"
persistence_diagram_codex_run_0_prompt_1,Nathan,"[{""rating"": ""Correctly computed"", ""comment"": """"}, {""rating"": ""Computed with errors"", ""comment"": ""Uses incorrect filtration""}]","[{""rating"": ""Correctly visualized"", ""comment"": """"}]"
persistence_diagram_codex_run_1_prompt_1,Nathan,"[{""rating"": ""Correctly computed"", ""comment"": """"}, {""rating"": ""Computed with errors"", ""comment"": ""Uses incorrect filtration""}]","[{""rating"": ""Correctly visualized"", ""comment"": """"}]"
persistence_diagram_codex_run_2_prompt_1,Nathan,"[{""rating"": ""Correctly computed"", ""comment"": """"}, {""rating"": ""Computed with errors"", ""comment"": ""Uses incorrect filtration""}]","[{""rating"": ""Visualized, but design choices impair interpretability"", ""comment"": ""Color bar is unclear and cut off""}]"
persistence_diagram_claude_run_2_prompt_0_api,Nathan,"[{""rating"": ""Correctly computed"", ""comment"": """"}, {""rating"": ""Correctly computed"", ""comment"": """"}]","[{""rating"": ""Correctly visualized"", ""comment"": """"}]"
persistence_diagram_claude_run_0_prompt_1_api,Nathan,"[{""rating"": ""Correctly computed"", ""comment"": """"}, {""rating"": ""Correctly computed"", ""comment"": """"}]","[{""rating"": ""Correctly visualized"", ""comment"": """"}]"
persistence_diagram_claude_run_1_prompt_1_api,Nathan,"[{""rating"": ""Correctly computed"", ""comment"": """"}, {""rating"": ""Correctly computed"", ""comment"": """"}]","[{""rating"": ""Correctly visualized"", ""comment"": """"}]"
persistence_diagram_claude_run_2_prompt_1_api,Nathan,"[{""rating"": ""Correctly computed"", ""comment"": """"}, {""rating"": ""Correctly computed"", ""comment"": """"}]","[{""rating"": ""Correctly visualized"", ""comment"": """"}]"
persistence_diagram_claude_run_3_prompt_1_api,Nathan,"[{""rating"": ""Correctly computed"", ""comment"": """"}, {""rating"": ""Correctly computed"", ""comment"": """"}]","[{""rating"": ""Correctly visualized"", ""comment"": """"}]"
persistence_diagram_codex_run_0_prompt_1_api,Nathan,"[{""rating"": ""Correctly computed"", ""comment"": """"}, {""rating"": ""Correctly computed"", ""comment"": """"}]","[{""rating"": ""Correctly visualized"", ""comment"": """"}]"
persistence_diagram_codex_run_1_prompt_1_api,Nathan,"[{""rating"": ""Correctly computed"", ""comment"": """"}, {""rating"": ""Correctly computed"", ""comment"": """"}]","[{""rating"": ""Correctly visualized"", ""comment"": """"}]"
persistence_diagram_codex_run_3_prompt_1_api,Nathan,"[{""rating"": ""Correctly computed"", ""comment"": """"}, {""rating"": ""Correctly computed"", ""comment"": """"}]","[{""rating"": ""Correctly visualized"", ""comment"": """"}]"
persistence_diagram_codex_run_2_prompt_1_api,Nathan,"[{""rating"": ""Correctly computed"", ""comment"": """"}, {""rating"": ""Correctly computed"", ""comment"": """"}]","[{""rating"": ""Correctly visualized"", ""comment"": """"}]"
persistence_diagram_claude_run_3_prompt_1,Nathan,"[{""rating"": ""Computed with errors"", ""comment"": ""Persistence diagram uses different filtration (lower star) than simplification (sublevel set).""}, {""rating"": ""Computed with errors"", ""comment"": ""Uses incorrect filtration""}]","[{""rating"": ""Visualized, but design choices impair interpretability"", ""comment"": ""3D camera is used. Color bar is cut off and interpretation is unclear""}]"
persistence_diagram_claude_run_2_prompt_1,Nathan,"[{""rating"": ""Computed with errors"", ""comment"": ""Persistence diagram uses different filtration (lower star) than simplification (sublevel set).""}, {""rating"": ""Computed with errors"", ""comment"": ""Uses incorrect filtration""}]","[{""rating"": ""Correctly visualized"", ""comment"": """"}]"
persistence_diagram_claude_run_1_prompt_1,Nathan,"[{""rating"": ""Correctly computed"", ""comment"": """"}, {""rating"": ""Correctly computed"", ""comment"": """"}]","[{""rating"": ""Visualized, but design choices impair interpretability"", ""comment"": ""Non-standard axis choices impair interpretability""}]"
persistence_diagram_claude_run_0_prompt_1,Nathan,"[{""rating"": ""Correctly computed"", ""comment"": """"}, {""rating"": ""Computed with errors"", ""comment"": ""Uses incorrect filtration""}]","[{""rating"": ""Correctly visualized"", ""comment"": """"}]"
persistence_diagram_codex_run_3_prompt_0_api,Nathan,"[{""rating"": ""Correctly computed"", ""comment"": """"}, {""rating"": ""Correctly computed"", ""comment"": """"}]","[{""rating"": ""Correctly visualized"", ""comment"": """"}]"
persistence_diagram_codex_run_2_prompt_0_api,Nathan,"[{""rating"": ""Correctly computed"", ""comment"": """"}, {""rating"": ""Correctly computed"", ""comment"": """"}]","[{""rating"": ""Correctly visualized"", ""comment"": """"}]"
persistence_diagram_codex_run_1_prompt_0,Nathan,"[{""rating"": ""Correctly computed"", ""comment"": """"}, {""rating"": ""Computed with errors"", ""comment"": ""Uses incorrect filtration""}]","[{""rating"": ""Correctly visualized"", ""comment"": """"}]"
persistence_diagram_codex_run_0_prompt_0,Nathan,"[{""rating"": ""Correctly computed"", ""comment"": """"}, {""rating"": ""Computed with errors"", ""comment"": ""Uses incorrect filtration""}]","[{""rating"": ""Correctly visualized"", ""comment"": """"}]"
persistence_diagram_claude_run_3_prompt_0,Nathan,"[{""rating"": ""Computed with errors"", ""comment"": ""Persistence diagram uses different filtration (lower star) than simplification (sublevel set).""}, {""rating"": ""Computed with errors"", ""comment"": ""Uses incorrect filtration""}]","[{""rating"": ""Correctly visualized"", ""comment"": """"}]"
persistence_diagram_claude_run_1_prompt_0,Nathan,"[{""rating"": ""Computed with errors"", ""comment"": ""Persistence diagram uses different filtration (lower star) than simplification (sublevel set).""}, {""rating"": ""Computed with errors"", ""comment"": ""Diagram uses incorrect filtration""}]","[{""rating"": ""Correctly visualized"", ""comment"": """"}]"
persistence_diagram_claude_run_2_prompt_0,Nathan,"[{""rating"": ""Computed with errors"", ""comment"": ""Persistence diagram uses different filtration (lower star) than simplification (sublevel set).""}, {""rating"": ""Computed with errors"", ""comment"": ""Uses incorrect filtration""}]","[{""rating"": ""Correctly visualized"", ""comment"": """"}]"
persistence_diagram_claude_run_0_prompt_0,Nathan,"[{""rating"": ""Computed with errors"", ""comment"": ""Persistence diagram uses different filtration (lower star) than simplification (sublevel set).""}, {""rating"": ""Computed with errors"", ""comment"": ""Diagram uses incorrect filtration""}]","[{""rating"": ""Correctly visualized"", ""comment"": """"}]"
Morse-Smale segmentation_codex_run_2_prompt_2_api,Nathan,"[{""rating"": ""Correctly computed"", ""comment"": """"}, {""rating"": ""Correctly computed"", ""comment"": """"}, {""rating"": ""Correctly computed"", ""comment"": """"}]","[{""rating"": ""Correctly visualized"", ""comment"": """"}, {""rating"": ""Correctly visualized"", ""comment"": """"}]"
persistence_diagram_claude_run_1_prompt_2,Nathan,"[{""rating"": ""Computed with errors"", ""comment"": ""Persistence diagram uses different filtration (lower star) than simplification (sublevel set).""}, {""rating"": ""Computed with errors"", ""comment"": ""Uses incorrect filtration""}]","[{""rating"": ""Visualized, but design choices impair interpretability"", ""comment"": ""Points are hard to see""}]"
persistence_diagram_claude_run_3_prompt_2,Nathan,"[{""rating"": ""Correctly computed"", ""comment"": """"}, {""rating"": ""Computed with errors"", ""comment"": ""Uses incorrect filtration. Shows H1""}]","[{""rating"": ""Correctly visualized"", ""comment"": """"}]"
persistence_diagram_codex_run_0_prompt_2,Nathan,"[{""rating"": ""Correctly computed"", ""comment"": """"}, {""rating"": ""Computed with errors"", ""comment"": ""Uses incorrect filtration.""}]","[{""rating"": ""Correctly visualized"", ""comment"": """"}]"
persistence_diagram_codex_run_3_prompt_1,Nathan,"[{""rating"": ""Correctly computed"", ""comment"": """"}, {""rating"": ""Computed with errors"", ""comment"": ""Uses incorrect filtration""}]","[{""rating"": ""Visualized, but design choices impair interpretability"", ""comment"": ""Zoomed out very far.""}]"
persistence_diagram_claude_run_2_prompt_2,Nathan,"[{""rating"": ""Computed with errors"", ""comment"": ""Persistence diagram uses different filtration (lower star) than simplification (sublevel set).""}, {""rating"": ""Computed with errors"", ""comment"": ""Uses incorrect filtration""}]","[{""rating"": ""Correctly visualized"", ""comment"": """"}]"
persistence_diagram_codex_run_1_prompt_2,Nathan,"[{""rating"": ""Correctly computed"", ""comment"": """"}, {""rating"": ""Computed with errors"", ""comment"": ""Uses incorrect filtration.""}]","[{""rating"": ""Correctly visualized"", ""comment"": """"}]"
persistence_diagram_codex_run_2_prompt_2,Nathan,"[{""rating"": ""Correctly computed"", ""comment"": """"}, {""rating"": ""Computed with errors"", ""comment"": ""Uses incorrect filtration.""}]","[{""rating"": ""Correctly visualized"", ""comment"": """"}]"
persistence_diagram_codex_run_3_prompt_2,Nathan,"[{""rating"": ""Correctly computed"", ""comment"": """"}, {""rating"": ""Computed with errors"", ""comment"": ""Uses incorrect filtration.""}]","[{""rating"": ""Correctly visualized"", ""comment"": """"}]"
persistence_diagram_claude_run_0_prompt_2_api,Nathan,"[{""rating"": ""Correctly computed"", ""comment"": """"}, {""rating"": ""Correctly computed"", ""comment"": """"}]","[{""rating"": ""Correctly visualized"", ""comment"": """"}]"
persistence_diagram_claude_run_1_prompt_2_api,Nathan,"[{""rating"": ""Correctly computed"", ""comment"": """"}, {""rating"": ""Correctly computed"", ""comment"": """"}]","[{""rating"": ""Correctly visualized"", ""comment"": """"}]"
persistence_diagram_claude_run_3_prompt_2_api,Nathan,"[{""rating"": ""Correctly computed"", ""comment"": """"}, {""rating"": ""Correctly computed"", ""comment"": """"}]","[{""rating"": ""Correctly visualized"", ""comment"": """"}]"
persistence_diagram_codex_run_0_prompt_2_api,Nathan,"[{""rating"": ""Correctly computed"", ""comment"": """"}, {""rating"": ""Correctly computed"", ""comment"": """"}]","[{""rating"": ""Correctly visualized"", ""comment"": """"}]"
persistence_diagram_codex_run_1_prompt_2_api,Nathan,"[{""rating"": ""Correctly computed"", ""comment"": """"}, {""rating"": ""Correctly computed"", ""comment"": """"}]","[{""rating"": ""Correctly visualized"", ""comment"": """"}]"
persistence_diagram_codex_run_2_prompt_2_api,Nathan,"[{""rating"": ""Correctly computed"", ""comment"": """"}, {""rating"": ""Correctly computed"", ""comment"": """"}]","[{""rating"": ""Correctly visualized"", ""comment"": """"}]"
persistence_diagram_codex_run_3_prompt_2_api,Nathan,"[{""rating"": ""Correctly computed"", ""comment"": """"}, {""rating"": ""Correctly computed"", ""comment"": """"}]","[{""rating"": ""Correctly visualized"", ""comment"": """"}]"
scalar_critical_point_tracking_claude_run_1_prompt_0_api,Nathan,"[{""rating"": ""Correctly computed"", ""comment"": """"}, {""rating"": ""Correctly computed"", ""comment"": """"}, {""rating"": ""Correctly computed, but edge cases are not handled correctly"", ""comment"": """"}]","[{""rating"": ""Correctly visualized"", ""comment"": """"}, {""rating"": ""Correctly visualized"", ""comment"": """"}, {""rating"": ""Not visualized"", ""comment"": ""Only one time step is shown""}]"
scalar_critical_point_tracking_claude_run_2_prompt_0_api,Nathan,"[{""rating"": ""Correctly computed"", ""comment"": """"}, {""rating"": ""Correctly computed"", ""comment"": """"}, {""rating"": ""Correctly computed"", ""comment"": """"}]","[{""rating"": ""Correctly visualized"", ""comment"": """"}, {""rating"": ""Correctly visualized"", ""comment"": """"}, {""rating"": ""Correctly visualized"", ""comment"": """"}]"
scalar_critical_point_tracking_claude_run_3_prompt_0_api,Nathan,"[{""rating"": ""Correctly computed"", ""comment"": """"}, {""rating"": ""Correctly computed"", ""comment"": """"}, {""rating"": ""Correctly computed"", ""comment"": """"}]","[{""rating"": ""Correctly visualized"", ""comment"": """"}, {""rating"": ""Correctly visualized"", ""comment"": """"}, {""rating"": ""Correctly visualized"", ""comment"": """"}]"
scalar_critical_point_tracking_codex_run_0_prompt_0_api,Nathan,"[{""rating"": ""Correctly computed"", ""comment"": """"}, {""rating"": ""Correctly computed"", ""comment"": """"}, {""rating"": ""Correctly computed"", ""comment"": """"}]","[{""rating"": ""Visualized, but design choices impair interpretability"", ""comment"": ""The color bar is difficult to read due to its placement over the scalar field.""}, {""rating"": ""Correctly visualized"", ""comment"": """"}, {""rating"": ""Correctly visualized"", ""comment"": """"}]"
scalar_critical_point_tracking_codex_run_1_prompt_0_api,Nathan,"[{""rating"": ""Correctly computed"", ""comment"": """"}, {""rating"": ""Correctly computed"", ""comment"": """"}, {""rating"": ""Correctly computed"", ""comment"": """"}]","[{""rating"": ""Visualized, but design choices impair interpretability"", ""comment"": ""The color bar is difficult to read due to its placement over the scalar field.""}, {""rating"": ""Correctly visualized"", ""comment"": """"}, {""rating"": ""Correctly visualized"", ""comment"": """"}]"
scalar_critical_point_tracking_codex_run_2_prompt_0_api,Nathan,"[{""rating"": ""Correctly computed"", ""comment"": """"}, {""rating"": ""Correctly computed"", ""comment"": """"}, {""rating"": ""Correctly computed"", ""comment"": """"}]","[{""rating"": ""Correctly visualized"", ""comment"": """"}, {""rating"": ""Correctly visualized"", ""comment"": """"}, {""rating"": ""Correctly visualized"", ""comment"": """"}]"
scalar_critical_point_tracking_codex_run_3_prompt_0_api,Nathan,"[{""rating"": ""Correctly computed"", ""comment"": """"}, {""rating"": ""Correctly computed"", ""comment"": """"}, {""rating"": ""Correctly computed"", ""comment"": """"}]","[{""rating"": ""Correctly visualized"", ""comment"": """"}, {""rating"": ""Correctly visualized"", ""comment"": """"}, {""rating"": ""Correctly visualized"", ""comment"": """"}]"
persistence_diagram_claude_run_0_prompt_2,Nathan,"[{""rating"": ""Computed with errors"", ""comment"": ""Persistence diagram uses different filtration (lower star) than simplification (sublevel set).""}, {""rating"": ""Computed with errors"", ""comment"": ""Uses incorrect filtration. Shows H1""}]","[{""rating"": ""Correctly visualized"", ""comment"": """"}]"
scalar_critical_point_tracking_claude_run_0_prompt_0,Nathan,"[{""rating"": ""Correctly computed"", ""comment"": """"}, {""rating"": ""Correctly computed"", ""comment"": """"}, {""rating"": ""Correctly computed"", ""comment"": """"}]","[{""rating"": ""Correctly visualized"", ""comment"": """"}, {""rating"": ""Visualization requirements are only partially fulfilled"", ""comment"": ""The points are very small""}, {""rating"": ""Correctly visualized"", ""comment"": """"}]"
scalar_critical_point_tracking_claude_run_1_prompt_0,Nathan,"[{""rating"": ""Correctly computed"", ""comment"": """"}, {""rating"": ""Computed with errors"", ""comment"": ""Maxima are taken from a persistence diagram that uses a different filtration (lower star) than simplification (sublevel set)""}, {""rating"": ""Correctly computed"", ""comment"": """"}]","[{""rating"": ""Visualized, but design choices impair interpretability"", ""comment"": ""The original scalar field is shown in a separate view, while the simplified scalar field is shown alongside the critical points.""}, {""rating"": ""Correctly visualized"", ""comment"": """"}, {""rating"": ""Visualized, but design choices impair interpretability"", ""comment"": """"}]"
scalar_critical_point_tracking_claude_run_2_prompt_0,Nathan,"[{""rating"": ""Correctly computed"", ""comment"": """"}, {""rating"": ""Computed with errors"", ""comment"": ""Maxima are taken from a persistence diagram that uses a different filtration (lower star) than simplification (sublevel set)""}, {""rating"": ""Correctly computed"", ""comment"": """"}]","[{""rating"": ""Correctly visualized"", ""comment"": """"}, {""rating"": ""Visualized, but design choices impair interpretability"", ""comment"": ""The color scheme for the points is unclear and clashes with the background.""}, {""rating"": ""Visualized, but design choices impair interpretability"", ""comment"": """"}]"
scalar_critical_point_tracking_claude_run_3_prompt_0,Nathan,"[{""rating"": ""Correctly computed"", ""comment"": """"}, {""rating"": ""Computed with errors"", ""comment"": ""Topological simplification uses a different filtration (sublevel set) than persistence diagram (lower star)""}, {""rating"": ""Correctly computed"", ""comment"": """"}]","[{""rating"": ""Correctly visualized"", ""comment"": """"}, {""rating"": ""Correctly visualized"", ""comment"": """"}, {""rating"": ""Not visualized"", ""comment"": ""The agent said it was waiting for tracking to finish. However, even if it finishes, the script produced by the agent doesn't visualize the tracking results.""}]"
scalar_critical_point_tracking_codex_run_0_prompt_0,Nathan,"[{""rating"": ""Correctly computed"", ""comment"": ""It is not clear what happened as we don't have the code, but the results look plausible.""}, {""rating"": ""Correctly computed"", ""comment"": ""It is not clear what happened as we don't have the code, but the results look plausible.""}, {""rating"": ""Correctly computed"", ""comment"": """"}]","[{""rating"": ""Correctly visualized"", ""comment"": """"}, {""rating"": ""Visualized, but design choices impair interpretability"", ""comment"": ""Empty circles are used that are hard to understand.""}, {""rating"": ""Not visualized"", ""comment"": """"}]"
scalar_critical_point_tracking_codex_run_1_prompt_0,Nathan,"[{""rating"": ""Correctly computed"", ""comment"": """"}, {""rating"": ""Computed with errors"", ""comment"": ""Maxima are not computed from a triangular mesh structure.""}, {""rating"": ""Correctly computed"", ""comment"": """"}]","[{""rating"": ""Correctly visualized"", ""comment"": """"}, {""rating"": ""Correctly visualized"", ""comment"": """"}, {""rating"": ""Correctly visualized"", ""comment"": """"}]"
scalar_critical_point_tracking_codex_run_2_prompt_0,Nathan,"[{""rating"": ""Correctly computed"", ""comment"": """"}, {""rating"": ""Computed with errors"", ""comment"": ""Maxima are not computed from a triangular mesh""}, {""rating"": ""Correctly computed"", ""comment"": """"}]","[{""rating"": ""Correctly visualized"", ""comment"": """"}, {""rating"": ""Visualized, but design choices impair interpretability"", ""comment"": ""There is significant occlusion making it difficult to visualize the points.""}, {""rating"": ""Not visualized"", ""comment"": ""While tracking is technically visualized, the results are entirely occluded.""}]"
scalar_critical_point_tracking_codex_run_3_prompt_0,Nathan,"[{""rating"": ""Correctly computed"", ""comment"": """"}, {""rating"": ""Not computed"", ""comment"": """"}, {""rating"": ""Correctly computed"", ""comment"": """"}]","[{""rating"": ""Correctly visualized"", ""comment"": """"}, {""rating"": ""Not visualized"", ""comment"": """"}, {""rating"": ""Not visualized"", ""comment"": """"}]"
scalar_critical_point_tracking_claude_run_0_prompt_0_api,Nathan,"[{""rating"": ""Correctly computed"", ""comment"": """"}, {""rating"": ""Correctly computed"", ""comment"": """"}, {""rating"": ""Correctly computed"", ""comment"": """"}]","[{""rating"": ""Not visualized"", ""comment"": ""Camera choice clips out most of the visualization.""}, {""rating"": ""Not visualized"", ""comment"": ""Camera choice clips out most of the visualization.""}, {""rating"": ""Not visualized"", ""comment"": ""Camera choice clips out most of the visualization.""}]"
scalar_critical_point_tracking_claude_run_0_prompt_1,Nathan,"[{""rating"": ""Computed with errors"", ""comment"": ""Topological simplification uses a different filtration (sublevel set) than persistence diagram (lower star)""}, {""rating"": ""Correctly computed"", ""comment"": """"}, {""rating"": ""Correctly computed"", ""comment"": """"}]","[{""rating"": ""Visualized, but design choices impair interpretability"", ""comment"": ""Not shown in the same frame as the tracked maxima.""}, {""rating"": ""Correctly visualized"", ""comment"": """"}, {""rating"": ""Not visualized"", ""comment"": """"}]"
scalar_critical_point_tracking_claude_run_1_prompt_1,Nathan,"[{""rating"": ""Computed with errors"", ""comment"": ""Topological simplification uses a different filtration (sublevel set) than persistence diagram (lower star)""}, {""rating"": ""Correctly computed"", ""comment"": """"}, {""rating"": ""Correctly computed"", ""comment"": """"}]","[{""rating"": ""Correctly visualized"", ""comment"": """"}, {""rating"": ""Correctly visualized"", ""comment"": ""Not shown because the code didn't finish, but the code as written is correct.""}, {""rating"": ""Correctly visualized"", ""comment"": ""Not shown because the code didn't finish, but the code as written is correct.""}]"
scalar_critical_point_tracking_claude_run_2_prompt_1,Nathan,"[{""rating"": ""Correctly computed"", ""comment"": """"}, {""rating"": ""Correctly computed"", ""comment"": """"}, {""rating"": ""Computed with errors"", ""comment"": ""Maxima are taken from a persistence diagram that uses a different filtration (lower star) than simplification (sublevel set)""}]","[{""rating"": ""Correctly visualized"", ""comment"": """"}, {""rating"": ""Correctly visualized"", ""comment"": """"}, {""rating"": ""Visualized, but design choices impair interpretability"", ""comment"": """"}]"
scalar_critical_point_tracking_claude_run_3_prompt_1,Nathan,"[{""rating"": ""Correctly computed"", ""comment"": """"}, {""rating"": ""Correctly computed"", ""comment"": """"}, {""rating"": ""Correctly computed"", ""comment"": """"}]","[{""rating"": ""Visualized, but design choices impair interpretability"", ""comment"": ""The original scalar field should be in the same view as the tracked points.""}, {""rating"": ""Correctly visualized"", ""comment"": """"}, {""rating"": ""Visualized, but design choices impair interpretability"", ""comment"": ""There is nothing clearly identifying the different time steps.""}]"
scalar_critical_point_tracking_codex_run_0_prompt_1,Nathan,"[{""rating"": ""Correctly computed"", ""comment"": """"}, {""rating"": ""Computed with errors"", ""comment"": ""A triangular mesh structure isn't accounted for when selecting maxima.""}, {""rating"": ""Correctly computed"", ""comment"": """"}]","[{""rating"": ""Correctly visualized"", ""comment"": """"}, {""rating"": ""Correctly visualized"", ""comment"": """"}, {""rating"": ""Correctly visualized"", ""comment"": """"}]"
scalar_critical_point_tracking_codex_run_1_prompt_1,Nathan,"[{""rating"": ""Not computed"", ""comment"": """"}, {""rating"": ""Computed with errors"", ""comment"": ""A scipy filter is used instead.""}, {""rating"": ""Correctly computed"", ""comment"": """"}]","[{""rating"": ""Correctly visualized"", ""comment"": """"}, {""rating"": ""Visualized, but design choices impair interpretability"", ""comment"": """"}, {""rating"": ""Not visualized"", ""comment"": """"}]"
scalar_critical_point_tracking_codex_run_2_prompt_1,Nathan,"[{""rating"": ""Computed with errors"", ""comment"": ""Custom strategy that doesn't use a triangular mesh (among other possible issues)""}, {""rating"": ""Computed with errors"", ""comment"": ""Does not use triangular mesh""}, {""rating"": ""Correctly computed"", ""comment"": """"}]","[{""rating"": ""Visualized, but design choices impair interpretability"", ""comment"": ""Not visualized in the same frame as the tracking results.""}, {""rating"": ""Correctly visualized"", ""comment"": """"}, {""rating"": ""Visualized, but design choices impair interpretability"", ""comment"": ""One cannot tell apart time steps.""}]"
scalar_critical_point_tracking_codex_run_3_prompt_1,Nathan,"[{""rating"": ""Correctly computed"", ""comment"": """"}, {""rating"": ""Computed with errors"", ""comment"": ""Critical point extraction does not account for the triangular mesh.""}, {""rating"": ""Correctly computed"", ""comment"": """"}]","[{""rating"": ""Correctly visualized"", ""comment"": """"}, {""rating"": ""Correctly visualized"", ""comment"": """"}, {""rating"": ""Visualized, but design choices impair interpretability"", ""comment"": ""It is not possible to distinguish the tracking steps.""}]"
scalar_critical_point_tracking_claude_run_0_prompt_1_api,Nathan,"[{""rating"": ""Correctly computed"", ""comment"": """"}, {""rating"": ""Correctly computed"", ""comment"": """"}, {""rating"": ""Correctly computed"", ""comment"": """"}]","[{""rating"": ""Not visualized"", ""comment"": ""The camera makes this not possible to view.""}, {""rating"": ""Not visualized"", ""comment"": ""The camera makes this not possible to view.""}, {""rating"": ""Not visualized"", ""comment"": ""The camera makes this not possible to view.""}]"
scalar_critical_point_tracking_claude_run_0_prompt_2,Nathan,"[{""rating"": ""Computed with errors"", ""comment"": ""Topological simplification uses a different filtration (sublevel set) than persistence diagram (lower star)""}, {""rating"": ""Correctly computed"", ""comment"": """"}, {""rating"": ""Correctly computed"", ""comment"": """"}]","[{""rating"": ""Correctly visualized"", ""comment"": """"}, {""rating"": ""Correctly visualized"", ""comment"": ""The code didn't finish but it does correctly produce this.""}, {""rating"": ""Not visualized"", ""comment"": ""The code, as written, does not show any correspondences.""}]"
scalar_critical_point_tracking_claude_run_1_prompt_2,Nathan,"[{""rating"": ""Correctly computed"", ""comment"": """"}, {""rating"": ""Correctly computed"", ""comment"": """"}, {""rating"": ""Correctly computed"", ""comment"": """"}]","[{""rating"": ""Correctly visualized"", ""comment"": """"}, {""rating"": ""Visualization requirements are only partially fulfilled"", ""comment"": ""I am not sure exactly what went wrong.""}, {""rating"": ""Not visualized"", ""comment"": """"}]"
scalar_critical_point_tracking_claude_run_2_prompt_2,Nathan,"[{""rating"": ""Computed with errors"", ""comment"": ""Incorrect threshold is used.""}, {""rating"": ""Correctly computed"", ""comment"": """"}, {""rating"": ""Correctly computed"", ""comment"": """"}]","[{""rating"": ""Visualized, but design choices impair interpretability"", ""comment"": ""The color bars are distracting""}, {""rating"": ""Correctly visualized"", ""comment"": """"}, {""rating"": ""Visualized, but design choices impair interpretability"", ""comment"": ""There is no way to tell apart the different time steps.""}]"
scalar_critical_point_tracking_claude_run_3_prompt_2,Nathan,"[{""rating"": ""Correctly computed"", ""comment"": """"}, {""rating"": ""Computed with errors"", ""comment"": ""Maxima are taken from a persistence diagram that uses a different filtration (lower star) than simplification (sublevel set)""}, {""rating"": ""Correctly computed"", ""comment"": """"}]","[{""rating"": ""Correctly visualized"", ""comment"": """"}, {""rating"": ""Correctly visualized"", ""comment"": """"}, {""rating"": ""Visualized, but design choices impair interpretability"", ""comment"": ""It is not possible to tell apart the different time steps.""}]"
scalar_critical_point_tracking_codex_run_0_prompt_2,Nathan,"[{""rating"": ""Computed with errors"", ""comment"": ""Simplification does not account for the mesh structure.""}, {""rating"": ""Computed with errors"", ""comment"": ""Maxima do not account for the mesh structure.""}, {""rating"": ""Correctly computed"", ""comment"": """"}]","[{""rating"": ""Correctly visualized"", ""comment"": """"}, {""rating"": ""Correctly visualized"", ""comment"": """"}, {""rating"": ""Visualized, but design choices impair interpretability"", ""comment"": ""It is not possible to tell apart the different time steps.""}]"
scalar_critical_point_tracking_codex_run_1_prompt_2,Nathan,"[{""rating"": ""Computed with errors"", ""comment"": ""I am not sure exactly what it did but it is definitely wrong.""}, {""rating"": ""Computed with errors"", ""comment"": ""I am not sure exactly what it did but it is definitely wrong.""}, {""rating"": ""Correctly computed"", ""comment"": """"}]","[{""rating"": ""Correctly visualized"", ""comment"": """"}, {""rating"": ""Correctly visualized"", ""comment"": """"}, {""rating"": ""Visualized, but design choices impair interpretability"", ""comment"": ""It is not possible to distinguish the time steps.""}]"
scalar_critical_point_tracking_codex_run_2_prompt_2,Nathan,"[{""rating"": ""Computed with errors"", ""comment"": """"}, {""rating"": ""Computed with errors"", ""comment"": """"}, {""rating"": ""Correctly computed"", ""comment"": """"}]","[{""rating"": ""Correctly visualized"", ""comment"": """"}, {""rating"": ""Visualization requirements are only partially fulfilled"", ""comment"": ""The camera clips out some of the points.""}, {""rating"": ""Visualized, but design choices impair interpretability"", ""comment"": ""It is not possible to show the different time steps.""}]"
scalar_critical_point_tracking_codex_run_3_prompt_2,Nathan,"[{""rating"": ""Correctly computed"", ""comment"": """"}, {""rating"": ""Computed with errors"", ""comment"": ""Does not consider mesh structure""}, {""rating"": ""Computed with errors"", ""comment"": """"}]","[{""rating"": ""Correctly visualized"", ""comment"": """"}, {""rating"": ""Not visualized"", ""comment"": """"}, {""rating"": ""Visualized, but design choices impair interpretability"", ""comment"": ""It is not possible to distinguish locations and time steps accurately.""}]"
scalar_critical_point_tracking_claude_run_0_prompt_2_api,Nathan,"[{""rating"": ""Correctly computed"", ""comment"": """"}, {""rating"": ""Correctly computed"", ""comment"": """"}, {""rating"": ""Correctly computed"", ""comment"": """"}]","[{""rating"": ""Not visualized"", ""comment"": ""The camera cuts off most of the view.""}, {""rating"": ""Not visualized"", ""comment"": ""The camera cuts off most of the view.""}, {""rating"": ""Not visualized"", ""comment"": ""The camera cuts off most of the view.""}]"
hyperLIC_claude_run_0_prompt_0,Nathan,"[{""rating"": ""Correctly computed, but edge cases are not handled correctly"", ""comment"": ""There is no deduping, and the boundary of the brain is not handled adequetly""}]","[{""rating"": ""Correctly visualized"", ""comment"": """"}, {""rating"": ""Visualized, but design choices impair interpretability"", ""comment"": ""Visualizing the A field is not very meaningful.""}]"
hyperLIC_claude_run_1_prompt_0,Nathan,"[{""rating"": ""Correctly computed, but edge cases are not handled correctly"", ""comment"": ""There is no deduping, and the boundary of the brain is not handled adequetly""}]","[{""rating"": ""Correctly visualized"", ""comment"": """"}, {""rating"": ""Not visualized"", ""comment"": """"}]"
hyperLIC_claude_run_2_prompt_0,Nathan,"[{""rating"": ""Correctly computed, but edge cases are not handled correctly"", ""comment"": ""There is no deduping, and the boundary of the brain is not handled adequetly""}]","[{""rating"": ""Correctly visualized"", ""comment"": """"}, {""rating"": ""Correctly visualized"", ""comment"": """"}]"
hyperLIC_claude_run_3_prompt_0,Nathan,"[{""rating"": ""Correctly computed, but edge cases are not handled correctly"", ""comment"": ""There is no deduping, and the boundary of the brain is not handled adequetly""}]","[{""rating"": ""Correctly visualized"", ""comment"": """"}, {""rating"": ""Visualized, but design choices impair interpretability"", ""comment"": ""The magnitude of the three symmetric tensor components is not a meaningful field.""}]"
hyperLIC_codex_run_0_prompt_0,Nathan,"[{""rating"": ""Correctly computed, but edge cases are not handled correctly"", ""comment"": ""The boundary cases are not handled correctly""}]","[{""rating"": ""Correctly visualized"", ""comment"": """"}, {""rating"": ""Visualized, but design choices impair interpretability"", ""comment"": ""Just visualizing the A field is not meaningful.""}]"
hyperLIC_codex_run_1_prompt_0,Nathan,"[{""rating"": ""Computed with errors"", ""comment"": ""Uses bilinear interpolation.""}]","[{""rating"": ""Correctly visualized"", ""comment"": """"}, {""rating"": ""Visualized, but design choices impair interpretability"", ""comment"": ""Using the \""A\"" field is not meaningful for visualization.""}]"
hyperLIC_codex_run_2_prompt_0,Nathan,"[{""rating"": ""Correctly computed"", ""comment"": """"}]","[{""rating"": ""Correctly visualized"", ""comment"": """"}, {""rating"": ""Visualized, but design choices impair interpretability"", ""comment"": ""The \""A\"" field is not the most visually meaningful.""}]"
hyperLIC_codex_run_3_prompt_0,Nathan,"[{""rating"": ""Correctly computed, but edge cases are not handled correctly"", ""comment"": ""There is no deduping, and the boundary of the brain is not handled adequetly""}]","[{""rating"": ""Correctly visualized"", ""comment"": """"}, {""rating"": ""Visualized, but design choices impair interpretability"", ""comment"": ""The \""A\"" field is not the most meaningful.""}]"
hyperLIC_claude_run_0_prompt_0_api,Nathan,"[{""rating"": ""Correctly computed"", ""comment"": """"}]","[{""rating"": ""Correctly visualized"", ""comment"": """"}, {""rating"": ""Correctly visualized"", ""comment"": """"}]"
hyperLIC_claude_run_0_prompt_1,Nathan,"[{""rating"": ""Correctly computed, but edge cases are not handled correctly"", ""comment"": ""Boundary cases are not handled properly. Numerical stability led to lots of extra points.""}]","[{""rating"": ""Correctly visualized"", ""comment"": """"}, {""rating"": ""Visualization requirements are only partially fulfilled"", ""comment"": ""The \""A\"" field is not the most meaningful field to visualize.""}]"
hyperLIC_claude_run_1_prompt_1,Nathan,"[{""rating"": ""Correctly computed"", ""comment"": """"}]","[{""rating"": ""Correctly visualized"", ""comment"": """"}, {""rating"": ""Visualized, but design choices impair interpretability"", ""comment"": ""The \""A\"" field is not the most meaningful field to visualize. Also the color bar is poorly constructed.""}]"
hyperLIC_claude_run_2_prompt_1,Nathan,"[{""rating"": ""Correctly computed, but edge cases are not handled correctly"", ""comment"": ""There is no deduping, and the boundary of the brain is not handled adequetly""}]","[{""rating"": ""Correctly visualized"", ""comment"": """"}, {""rating"": ""Correctly visualized"", ""comment"": """"}]"
hyperLIC_claude_run_3_prompt_1,Nathan,"[{""rating"": ""Correctly computed, but edge cases are not handled correctly"", ""comment"": """"}]","[{""rating"": ""Correctly visualized"", ""comment"": """"}, {""rating"": ""Visualized, but design choices impair interpretability"", ""comment"": ""The \""A\"" field is not the most meaningful field to visualize.""}]"
hyperLIC_codex_run_0_prompt_1,Nathan,"[{""rating"": ""Correctly computed"", ""comment"": """"}]","[{""rating"": ""Correctly visualized"", ""comment"": """"}, {""rating"": ""Not visualized"", ""comment"": """"}]"
hyperLIC_codex_run_1_prompt_1,Nathan,"[{""rating"": ""Correctly computed, but edge cases are not handled correctly"", ""comment"": """"}]","[{""rating"": ""Correctly visualized"", ""comment"": """"}, {""rating"": ""Correctly visualized"", ""comment"": """"}]"
hyperLIC_codex_run_2_prompt_1,Nathan,"[{""rating"": ""Correctly computed, but edge cases are not handled correctly"", ""comment"": """"}]","[{""rating"": ""Correctly visualized"", ""comment"": """"}, {""rating"": ""Visualized, but design choices impair interpretability"", ""comment"": ""The \""A\"" field is not the most meaningful field to visualize.""}]"
hyperLIC_codex_run_3_prompt_1,Nathan,"[{""rating"": ""Correctly computed, but edge cases are not handled correctly"", ""comment"": """"}]","[{""rating"": ""Correctly visualized"", ""comment"": """"}, {""rating"": ""Visualized, but design choices impair interpretability"", ""comment"": ""The \""A\"" field is not the most meaningful field to visualize.""}]"
hyperLIC_claude_run_0_prompt_2,Nathan,"[{""rating"": ""Correctly computed, but edge cases are not handled correctly"", ""comment"": """"}]","[{""rating"": ""Correctly visualized"", ""comment"": """"}, {""rating"": ""Correctly visualized"", ""comment"": """"}]"
hyperLIC_claude_run_1_prompt_2,Nathan,"[{""rating"": ""Correctly computed, but edge cases are not handled correctly"", ""comment"": """"}]","[{""rating"": ""Correctly visualized"", ""comment"": """"}, {""rating"": ""Correctly visualized"", ""comment"": """"}]"
hyperLIC_claude_run_3_prompt_2,Nathan,"[{""rating"": ""Correctly computed, but edge cases are not handled correctly"", ""comment"": ""There is no deduping, and the boundary of the brain is not handled adequetly""}]","[{""rating"": ""Correctly visualized"", ""comment"": """"}, {""rating"": ""Correctly visualized"", ""comment"": """"}]"
hyperLIC_codex_run_0_prompt_2,Nathan,"[{""rating"": ""Correctly computed"", ""comment"": """"}]","[{""rating"": ""Correctly visualized"", ""comment"": """"}, {""rating"": ""Correctly visualized"", ""comment"": """"}]"
hyperLIC_codex_run_1_prompt_2,Nathan,"[{""rating"": ""Correctly computed, but edge cases are not handled correctly"", ""comment"": """"}]","[{""rating"": ""Correctly visualized"", ""comment"": """"}, {""rating"": ""Correctly visualized"", ""comment"": """"}]"
hyperLIC_codex_run_2_prompt_2,Nathan,"[{""rating"": ""Correctly computed, but edge cases are not handled correctly"", ""comment"": """"}]","[{""rating"": ""Correctly visualized"", ""comment"": """"}, {""rating"": ""Correctly visualized"", ""comment"": """"}]"
hyperLIC_codex_run_3_prompt_2,Nathan,"[{""rating"": ""Computed with errors"", ""comment"": """"}]","[{""rating"": ""Correctly visualized"", ""comment"": """"}, {""rating"": ""Correctly visualized"", ""comment"": """"}]"
vector_critical_point_tracking_claude_run_0_prompt_0,Nathan,"[{""rating"": ""Correctly computed, but edge cases are not handled correctly"", ""comment"": """"}, {""rating"": ""Correctly computed"", ""comment"": """"}]","[{""rating"": ""Correctly visualized"", ""comment"": """"}, {""rating"": ""Correctly visualized"", ""comment"": """"}, {""rating"": ""Visualized, but design choices impair interpretability"", ""comment"": """"}]"
vector_critical_point_tracking_codex_run_0_prompt_0,Nathan,"[{""rating"": ""Correctly computed"", ""comment"": """"}, {""rating"": ""Correctly computed"", ""comment"": """"}]","[{""rating"": ""Correctly visualized"", ""comment"": """"}, {""rating"": ""Correctly visualized"", ""comment"": """"}, {""rating"": ""Not visualized"", ""comment"": """"}]"
vector_critical_point_tracking_codex_run_1_prompt_0,Nathan,"[{""rating"": ""Correctly computed"", ""comment"": """"}, {""rating"": ""Correctly computed"", ""comment"": """"}]","[{""rating"": ""Correctly visualized"", ""comment"": """"}, {""rating"": ""Correctly visualized"", ""comment"": """"}, {""rating"": ""Not visualized"", ""comment"": """"}]"
vector_critical_point_tracking_codex_run_2_prompt_0,Nathan,"[{""rating"": ""Correctly computed"", ""comment"": """"}, {""rating"": ""Correctly computed"", ""comment"": """"}]","[{""rating"": ""Correctly visualized"", ""comment"": """"}, {""rating"": ""Correctly visualized"", ""comment"": """"}, {""rating"": ""Not visualized"", ""comment"": """"}]"
vector_critical_point_tracking_codex_run_3_prompt_0,Nathan,"[{""rating"": ""Correctly computed, but edge cases are not handled correctly"", ""comment"": """"}, {""rating"": ""Correctly computed"", ""comment"": """"}]","[{""rating"": ""Correctly visualized"", ""comment"": """"}, {""rating"": ""Correctly visualized"", ""comment"": """"}, {""rating"": ""Visualized, but design choices impair interpretability"", ""comment"": ""It is not possible to distinguish between time steps.""}]"
vector_critical_point_tracking_claude_run_1_prompt_1,Nathan,"[{""rating"": ""Correctly computed"", ""comment"": """"}, {""rating"": ""Correctly computed"", ""comment"": """"}]","[{""rating"": ""Correctly visualized"", ""comment"": """"}, {""rating"": ""Correctly visualized"", ""comment"": """"}, {""rating"": ""Visualized, but design choices impair interpretability"", ""comment"": """"}]"
vector_critical_point_tracking_claude_run_0_prompt_2,Nathan,"[{""rating"": ""Correctly computed"", ""comment"": """"}, {""rating"": ""Correctly computed"", ""comment"": """"}]","[{""rating"": ""Correctly visualized"", ""comment"": """"}, {""rating"": ""Correctly visualized"", ""comment"": """"}, {""rating"": ""Visualized, but design choices impair interpretability"", ""comment"": """"}]"
vector_critical_point_tracking_claude_run_1_prompt_2,Nathan,"[{""rating"": ""Correctly computed"", ""comment"": """"}, {""rating"": ""Correctly computed"", ""comment"": """"}]","[{""rating"": ""Correctly visualized"", ""comment"": """"}, {""rating"": ""Correctly visualized"", ""comment"": """"}, {""rating"": ""Correctly visualized"", ""comment"": """"}]"
vector_critical_point_tracking_claude_run_2_prompt_2,Nathan,"[{""rating"": ""Correctly computed"", ""comment"": """"}, {""rating"": ""Correctly computed"", ""comment"": """"}]","[{""rating"": ""Correctly visualized"", ""comment"": """"}, {""rating"": ""Correctly visualized"", ""comment"": """"}, {""rating"": ""Visualized, but design choices impair interpretability"", ""comment"": ""The numbers are difficult to read due to being close together.""}]"
Morse-Smale segmentation_claude_run_0_prompt_0,Nathan,"[{""rating"": ""Computed with errors"", ""comment"": ""Persistence diagram uses different filtration (lower star) than simplification (sublevel set).""}, {""rating"": ""Computed with errors"", ""comment"": ""Shows discrete MS segmentation""}, {""rating"": ""Computed with errors"", ""comment"": ""Shows boundary points from discrete MS segmentation""}]","[{""rating"": ""Correctly visualized"", ""comment"": """"}, {""rating"": ""Correctly visualized"", ""comment"": """"}]"
Morse-Smale segmentation_claude_run_1_prompt_0,Nathan,"[{""rating"": ""Computed with errors"", ""comment"": ""Persistence diagram uses different filtration (lower star) than simplification (sublevel set). Also, a bug in thresholding causes no simplification to be applied at all.""}, {""rating"": ""Computed with errors"", ""comment"": ""Shows discrete MS segmentation""}, {""rating"": ""Correctly computed, but edge cases are not handled correctly"", ""comment"": ""Shows boundary points from discrete MS segmentation""}]","[{""rating"": ""Correctly visualized"", ""comment"": """"}, {""rating"": ""Correctly visualized"", ""comment"": """"}]"
Morse-Smale segmentation_claude_run_2_prompt_0,Nathan,"[{""rating"": ""Computed with errors"", ""comment"": ""Persistence diagram uses different filtration (lower star) than simplification (sublevel set). Only keeps low persistence pairs.""}, {""rating"": ""Computed with errors"", ""comment"": ""Shows discrete MS segmentation""}, {""rating"": ""Computed with errors"", ""comment"": ""Shows boundary points from discrete MS segmentation""}]","[{""rating"": ""Correctly visualized"", ""comment"": """"}, {""rating"": ""Correctly visualized"", ""comment"": """"}]"
Morse-Smale segmentation_claude_run_3_prompt_0,Nathan,"[{""rating"": ""Computed with errors"", ""comment"": ""Persistence diagram uses different filtration (lower star) than simplification (sublevel set).""}, {""rating"": ""Computed with errors"", ""comment"": ""Shows discrete MS segmentation""}, {""rating"": ""Computed with errors"", ""comment"": ""Shows boundary points from discrete MS segmentation""}]","[{""rating"": ""Correctly visualized"", ""comment"": """"}, {""rating"": ""Correctly visualized"", ""comment"": """"}]"
Morse-Smale segmentation_codex_run_0_prompt_0,Nathan,"[{""rating"": ""Correctly computed"", ""comment"": """"}, {""rating"": ""Computed with errors"", ""comment"": ""Shows discrete MS segmentation""}, {""rating"": ""Computed with errors"", ""comment"": ""Shows boundary points from discrete MS segmentation""}]","[{""rating"": ""Correctly visualized"", ""comment"": """"}, {""rating"": ""Correctly visualized"", ""comment"": """"}]"
Morse-Smale segmentation_codex_run_1_prompt_0,Nathan,"[{""rating"": ""Correctly computed"", ""comment"": """"}, {""rating"": ""Computed with errors"", ""comment"": ""Shows discrete MS segmentation""}, {""rating"": ""Computed with errors"", ""comment"": ""Shows boundary points from discrete MS segmentation""}]","[{""rating"": ""Correctly visualized"", ""comment"": """"}, {""rating"": ""Correctly visualized"", ""comment"": """"}]"
Morse-Smale segmentation_codex_run_2_prompt_0,Nathan,"[{""rating"": ""Correctly computed"", ""comment"": """"}, {""rating"": ""Computed with errors"", ""comment"": ""Shows discrete MS segmentation""}, {""rating"": ""Computed with errors"", ""comment"": ""Shows boundary points from discrete MS segmentation""}]","[{""rating"": ""Correctly visualized"", ""comment"": """"}, {""rating"": ""Correctly visualized"", ""comment"": """"}]"
Morse-Smale segmentation_codex_run_3_prompt_0,Nathan,"[{""rating"": ""Correctly computed"", ""comment"": """"}, {""rating"": ""Computed with errors"", ""comment"": ""Shows discrete MS segmentation""}, {""rating"": ""Computed with errors"", ""comment"": ""Shows boundary points from discrete MS segmentation""}]","[{""rating"": ""Correctly visualized"", ""comment"": """"}, {""rating"": ""Correctly visualized"", ""comment"": """"}]"
Morse-Smale segmentation_claude_run_0_prompt_0_api,Nathan,"[{""rating"": ""Correctly computed"", ""comment"": """"}, {""rating"": ""Correctly computed"", ""comment"": """"}, {""rating"": ""Correctly computed"", ""comment"": """"}]","[{""rating"": ""Correctly visualized"", ""comment"": """"}, {""rating"": ""Correctly visualized"", ""comment"": """"}]"
Morse-Smale segmentation_claude_run_0_prompt_1,Nathan,"[{""rating"": ""Computed with errors"", ""comment"": ""Persistence diagram uses different filtration (lower star) than simplification (sublevel set).""}, {""rating"": ""Computed with errors"", ""comment"": ""Shows discrete MS segmentation""}, {""rating"": ""Correctly computed"", ""comment"": ""Shows boundary points from discrete MS segmentation""}]","[{""rating"": ""Correctly visualized"", ""comment"": """"}, {""rating"": ""Correctly visualized"", ""comment"": """"}]"
Morse-Smale segmentation_claude_run_1_prompt_1,Nathan,"[{""rating"": ""Computed with errors"", ""comment"": ""Persistence diagram uses different filtration (lower star) than simplification (sublevel set).""}, {""rating"": ""Computed with errors"", ""comment"": ""Shows discrete MS segmentation""}, {""rating"": ""Computed with errors"", ""comment"": ""Shows boundary points from discrete MS segmentation""}]","[{""rating"": ""Visualized, but design choices impair interpretability"", ""comment"": ""Color scheme makes it difficult to distinguish regions.""}, {""rating"": ""Correctly visualized"", ""comment"": """"}]"
Morse-Smale segmentation_claude_run_2_prompt_1,Nathan,"[{""rating"": ""Computed with errors"", ""comment"": ""Persistence diagram uses different filtration (lower star) than simplification (sublevel set).""}, {""rating"": ""Computed with errors"", ""comment"": ""Shows discrete MS segmentation""}, {""rating"": ""Computed with errors"", ""comment"": ""Shows boundary points from discrete MS segmentation""}]","[{""rating"": ""Correctly visualized"", ""comment"": """"}, {""rating"": ""Correctly visualized"", ""comment"": """"}]"
Morse-Smale segmentation_claude_run_3_prompt_1,Nathan,"[{""rating"": ""Computed with errors"", ""comment"": ""Persistence diagram uses different filtration (lower star) than simplification (sublevel set).""}, {""rating"": ""Computed with errors"", ""comment"": ""Shows discrete MS segmentation""}, {""rating"": ""Computed with errors"", ""comment"": ""Shows boundary points from discrete MS segmentation""}]","[{""rating"": ""Correctly visualized"", ""comment"": """"}, {""rating"": ""Correctly visualized"", ""comment"": """"}]"
Morse-Smale segmentation_codex_run_0_prompt_1,Nathan,"[{""rating"": ""Computed with errors"", ""comment"": ""Persistence diagram uses different filtration (lower star) than simplification (sublevel set).""}, {""rating"": ""Computed with errors"", ""comment"": ""Shows discrete MS segmentation""}, {""rating"": ""Computed with errors"", ""comment"": ""Shows boundary points from discrete MS segmentation""}]","[{""rating"": ""Correctly visualized"", ""comment"": """"}, {""rating"": ""Correctly visualized"", ""comment"": """"}]"
Morse-Smale segmentation_codex_run_1_prompt_1,Nathan,"[{""rating"": ""Correctly computed"", ""comment"": """"}, {""rating"": ""Computed with errors"", ""comment"": ""Shows discrete MS segmentation""}, {""rating"": ""Computed with errors"", ""comment"": ""Shows boundary points from discrete MS segmentation""}]","[{""rating"": ""Correctly visualized"", ""comment"": """"}, {""rating"": ""Correctly visualized"", ""comment"": """"}]"
Morse-Smale segmentation_codex_run_2_prompt_1,Nathan,"[{""rating"": ""Computed with errors"", ""comment"": ""Persistence diagram uses different filtration (lower star) than simplification (sublevel set).""}, {""rating"": ""Computed with errors"", ""comment"": ""Shows discrete MS segmentation""}, {""rating"": ""Computed with errors"", ""comment"": ""Shows boundary points from discrete MS segmentation""}]","[{""rating"": ""Visualized, but design choices impair interpretability"", ""comment"": ""Colormap has only two visible colors""}, {""rating"": ""Correctly visualized"", ""comment"": """"}]"
Morse-Smale segmentation_claude_run_0_prompt_1_api,Nathan,"[{""rating"": ""Correctly computed"", ""comment"": """"}, {""rating"": ""Correctly computed"", ""comment"": """"}, {""rating"": ""Correctly computed"", ""comment"": """"}]","[{""rating"": ""Visualized, but design choices impair interpretability"", ""comment"": ""The camera angle clips out part of the segmentation. The color bar does not have a clear interpretation.""}, {""rating"": ""Correctly visualized"", ""comment"": """"}]"
Morse-Smale segmentation_codex_run_3_prompt_1,Nathan,"[{""rating"": ""Correctly computed"", ""comment"": """"}, {""rating"": ""Computed with errors"", ""comment"": ""Shows discrete MS segmentation""}, {""rating"": ""Computed with errors"", ""comment"": ""Shows boundary points from discrete MS segmentation""}]","[{""rating"": ""Correctly visualized"", ""comment"": """"}, {""rating"": ""Correctly visualized"", ""comment"": """"}]"
Morse-Smale segmentation_claude_run_0_prompt_2,Nathan,"[{""rating"": ""Computed with errors"", ""comment"": ""No simplification is applied due to a coding bug.""}, {""rating"": ""Computed with errors"", ""comment"": ""Shows discrete MS segmentation""}, {""rating"": ""Computed with errors"", ""comment"": ""Shows boundary points from discrete MS segmentation""}]","[{""rating"": ""Correctly visualized"", ""comment"": """"}, {""rating"": ""Correctly visualized"", ""comment"": """"}]"
Morse-Smale segmentation_claude_run_1_prompt_2,Nathan,"[{""rating"": ""Computed with errors"", ""comment"": ""Persistence diagram uses different filtration (lower star) than simplification (sublevel set).""}, {""rating"": ""Computed with errors"", ""comment"": ""Shows discrete MS segmentation""}, {""rating"": ""Computed with errors"", ""comment"": ""Shows boundary points from discrete MS segmentation""}]","[{""rating"": ""Correctly visualized"", ""comment"": """"}, {""rating"": ""Correctly visualized"", ""comment"": """"}]"
Morse-Smale segmentation_claude_run_2_prompt_2,Nathan,"[{""rating"": ""Computed with errors"", ""comment"": ""Persistence diagram uses different filtration (lower star) than simplification (sublevel set). Also simplifies out high persistence points.""}, {""rating"": ""Computed with errors"", ""comment"": ""Shows discrete MS segmentation""}, {""rating"": ""Computed with errors"", ""comment"": ""Shows boundary points from discrete MS segmentation""}]","[{""rating"": ""Visualized, but design choices impair interpretability"", ""comment"": ""Only two colors are visible""}, {""rating"": ""Correctly visualized"", ""comment"": """"}]"
Morse-Smale segmentation_claude_run_3_prompt_2,Nathan,"[{""rating"": ""Computed with errors"", ""comment"": ""Persistence diagram uses different filtration (lower star) than simplification (sublevel set).""}, {""rating"": ""Computed with errors"", ""comment"": ""Shows discrete MS segmentation""}, {""rating"": ""Computed with errors"", ""comment"": ""Shows boundary points from discrete MS segmentation""}]","[{""rating"": ""Correctly visualized"", ""comment"": """"}, {""rating"": ""Correctly visualized"", ""comment"": """"}]"
Morse-Smale segmentation_codex_run_0_prompt_2,Nathan,"[{""rating"": ""Correctly computed"", ""comment"": """"}, {""rating"": ""Computed with errors"", ""comment"": ""Shows discrete MS segmentation""}, {""rating"": ""Computed with errors"", ""comment"": ""Shows boundary points from discrete MS segmentation""}]","[{""rating"": ""Correctly visualized"", ""comment"": """"}, {""rating"": ""Correctly visualized"", ""comment"": """"}]"
Morse-Smale segmentation_codex_run_1_prompt_2,Nathan,"[{""rating"": ""Correctly computed"", ""comment"": """"}, {""rating"": ""Computed with errors"", ""comment"": ""Shows discrete MS segmentation""}, {""rating"": ""Computed with errors"", ""comment"": ""Shows boundary points from discrete MS segmentation""}]","[{""rating"": ""Not visualized"", ""comment"": """"}, {""rating"": ""Correctly visualized"", ""comment"": """"}]"
Morse-Smale segmentation_codex_run_2_prompt_2,Nathan,"[{""rating"": ""Correctly computed"", ""comment"": """"}, {""rating"": ""Computed with errors"", ""comment"": ""Shows discrete MS segmentation""}, {""rating"": ""Computed with errors"", ""comment"": ""Shows boundary points from discrete MS segmentation""}]","[{""rating"": ""Correctly visualized"", ""comment"": """"}, {""rating"": ""Correctly visualized"", ""comment"": """"}]"
Morse-Smale segmentation_codex_run_3_prompt_2,Nathan,"[{""rating"": ""Correctly computed"", ""comment"": """"}, {""rating"": ""Computed with errors"", ""comment"": ""Shows discrete MS segmentation""}, {""rating"": ""Computed with errors"", ""comment"": ""Shows boundary points from discrete MS segmentation""}]","[{""rating"": ""Visualized, but design choices impair interpretability"", ""comment"": ""Color scheme uses blue very heavily.""}, {""rating"": ""Correctly visualized"", ""comment"": """"}]"
asymmetric_tensor_claude_run_1_prompt_0,Nathan,"[{""rating"": ""Not computed"", ""comment"": """"}, {""rating"": ""Correctly computed"", ""comment"": """"}]","[{""rating"": ""Not visualized"", ""comment"": ""Not computed""}, {""rating"": ""Correctly visualized"", ""comment"": """"}]"
asymmetric_tensor_claude_run_2_prompt_0,Nathan,"[{""rating"": ""Not computed"", ""comment"": """"}, {""rating"": ""Correctly computed"", ""comment"": """"}]","[{""rating"": ""Not visualized"", ""comment"": ""Not computed""}, {""rating"": ""Correctly visualized"", ""comment"": """"}]"
asymmetric_tensor_codex_run_0_prompt_0,Nathan,"[{""rating"": ""Computed with errors"", ""comment"": ""Uses bilinear interpolation""}, {""rating"": ""Correctly computed"", ""comment"": """"}]","[{""rating"": ""Correctly visualized"", ""comment"": """"}, {""rating"": ""Correctly visualized"", ""comment"": """"}]"
asymmetric_tensor_codex_run_1_prompt_0_api,Nathan,"[{""rating"": ""Correctly computed"", ""comment"": """"}, {""rating"": ""Correctly computed"", ""comment"": """"}]","[{""rating"": ""Correctly visualized"", ""comment"": """"}, {""rating"": ""Correctly visualized"", ""comment"": """"}]"
asymmetric_tensor_claude_run_0_prompt_0_api,Nathan,"[{""rating"": ""Correctly computed"", ""comment"": """"}, {""rating"": ""Correctly computed"", ""comment"": """"}]","[{""rating"": ""Correctly visualized"", ""comment"": """"}, {""rating"": ""Correctly visualized"", ""comment"": """"}]"
asymmetric_tensor_codex_run_1_prompt_0,Nathan,"[{""rating"": ""Not computed"", ""comment"": """"}, {""rating"": ""Computed with errors"", ""comment"": ""Uses bilinear interpolation""}]","[{""rating"": ""Not visualized"", ""comment"": ""Not computed""}, {""rating"": ""Correctly visualized"", ""comment"": """"}]"
asymmetric_tensor_codex_run_1_prompt_1,Nathan,"[{""rating"": ""Not computed"", ""comment"": """"}, {""rating"": ""Correctly computed"", ""comment"": """"}]","[{""rating"": ""Not visualized"", ""comment"": ""Not computed""}, {""rating"": ""Correctly visualized"", ""comment"": """"}]"
asymmetric_tensor_codex_run_1_prompt_2,Nathan,"[{""rating"": ""Not computed"", ""comment"": """"}, {""rating"": ""Correctly computed"", ""comment"": """"}]","[{""rating"": ""Not visualized"", ""comment"": ""Not computed""}, {""rating"": ""Correctly visualized"", ""comment"": """"}]"
persistence_diagram_claude_run_2_prompt_2_api,Nathan,"[{""rating"": ""Correctly computed"", ""comment"": """"}, {""rating"": ""Correctly computed"", ""comment"": """"}]","[{""rating"": ""Correctly visualized"", ""comment"": """"}]"
scalar_critical_point_tracking_codex_run_3_prompt_2_api,Nathan,"[{""rating"": ""Correctly computed"", ""comment"": """"}, {""rating"": ""Correctly computed"", ""comment"": """"}, {""rating"": ""Correctly computed"", ""comment"": """"}]","[{""rating"": ""Correctly visualized"", ""comment"": """"}, {""rating"": ""Correctly visualized"", ""comment"": """"}, {""rating"": ""Not visualized"", ""comment"": """"}]"
vector_critical_point_tracking_codex_run_3_prompt_2_api,Nathan,"[{""rating"": ""Correctly computed"", ""comment"": """"}, {""rating"": ""Correctly computed"", ""comment"": """"}]","[{""rating"": ""Correctly visualized"", ""comment"": """"}, {""rating"": ""Correctly visualized"", ""comment"": """"}, {""rating"": ""Correctly visualized"", ""comment"": """"}]"
vector_critical_point_tracking_codex_run_2_prompt_2_api,Nathan,"[{""rating"": ""Correctly computed"", ""comment"": """"}, {""rating"": ""Correctly computed"", ""comment"": """"}]","[{""rating"": ""Correctly visualized"", ""comment"": """"}, {""rating"": ""Correctly visualized"", ""comment"": """"}, {""rating"": ""Correctly visualized"", ""comment"": """"}]"
vector_critical_point_tracking_codex_run_1_prompt_2_api,Nathan,"[{""rating"": ""Correctly computed"", ""comment"": """"}, {""rating"": ""Correctly computed"", ""comment"": """"}]","[{""rating"": ""Correctly visualized"", ""comment"": """"}, {""rating"": ""Correctly visualized"", ""comment"": """"}, {""rating"": ""Correctly visualized"", ""comment"": """"}]"
vector_critical_point_tracking_claude_run_3_prompt_2_api,Nathan,"[{""rating"": ""Correctly computed"", ""comment"": """"}, {""rating"": ""Correctly computed"", ""comment"": """"}]","[{""rating"": ""Correctly visualized"", ""comment"": """"}, {""rating"": ""Correctly visualized"", ""comment"": """"}, {""rating"": ""Correctly visualized"", ""comment"": """"}]"
vector_critical_point_tracking_claude_run_2_prompt_2_api,Nathan,"[{""rating"": ""Correctly computed"", ""comment"": """"}, {""rating"": ""Correctly computed"", ""comment"": """"}]","[{""rating"": ""Correctly visualized"", ""comment"": """"}, {""rating"": ""Correctly visualized"", ""comment"": """"}, {""rating"": ""Correctly visualized"", ""comment"": """"}]"
vector_critical_point_tracking_codex_run_0_prompt_1_api,Nathan,"[{""rating"": ""Correctly computed"", ""comment"": """"}, {""rating"": ""Correctly computed"", ""comment"": """"}]","[{""rating"": ""Correctly visualized"", ""comment"": """"}, {""rating"": ""Correctly visualized"", ""comment"": """"}, {""rating"": ""Correctly visualized"", ""comment"": """"}]"
vector_critical_point_tracking_codex_run_2_prompt_0_api,Nathan,"[{""rating"": ""Correctly computed"", ""comment"": """"}, {""rating"": ""Correctly computed"", ""comment"": """"}]","[{""rating"": ""Correctly visualized"", ""comment"": """"}, {""rating"": ""Correctly visualized"", ""comment"": """"}, {""rating"": ""Not visualized"", ""comment"": """"}]"
hyperLIC_codex_run_3_prompt_2_api,Nathan,"[{""rating"": ""Correctly computed"", ""comment"": """"}]","[{""rating"": ""Correctly visualized"", ""comment"": """"}, {""rating"": ""Correctly visualized"", ""comment"": """"}]"
hyperLIC_claude_run_1_prompt_2_api,Nathan,"[{""rating"": ""Correctly computed"", ""comment"": """"}]","[{""rating"": ""Correctly visualized"", ""comment"": """"}, {""rating"": ""Correctly visualized"", ""comment"": """"}]"
hyperLIC_claude_run_2_prompt_2,Nathan,"[{""rating"": ""Correctly computed, but edge cases are not handled correctly"", ""comment"": """"}]","[{""rating"": ""Correctly visualized"", ""comment"": """"}, {""rating"": ""Correctly visualized"", ""comment"": """"}]"
asymmetric_tensor_codex_run_3_prompt_0,Nathan,"[{""rating"": ""Not computed"", ""comment"": """"}, {""rating"": ""Correctly computed"", ""comment"": """"}]","[{""rating"": ""Not visualized"", ""comment"": ""Not computed""}, {""rating"": ""Correctly visualized"", ""comment"": """"}]"
asymmetric_tensor_claude_run_0_prompt_0,Nathan,"[{""rating"": ""Not computed"", ""comment"": """"}, {""rating"": ""Computed with errors"", ""comment"": ""I'm not sure what computation it is performing, but it isn't PL as it uses all four corners of square cells.""}]","[{""rating"": ""Not visualized"", ""comment"": ""Not computed""}, {""rating"": ""Correctly visualized"", ""comment"": """"}]"
